FIPS,County_State,Total,Male,Female,Under_5,Above_18,Above_65,MedAge_Total,MedAge_Male,MedAge_Female,
1003,"Baldwin County, Alabama",195540,94905,100635,5.4,77.3,18,40.9,40,42.2,
1015,"Calhoun County, Alabama",116736,56601,60135,5.8,77.8,15.4,37.6,35.8,38.2,
1043,"Cullman County, Alabama",80811,40215,40596,6.6,77.7,16.9,40.3,38.9,41.8,
1049,"DeKalb County, Alabama",71013,34982,36031,5,76.9,16.1,38.8,37.5,40.4,
1051,"Elmore County, Alabama",80902,39928,40974,5,77.1,13.5,38.5,37.2,39.3,
1055,"Etowah County, Alabama",103931,50344,53587,5.8,77.9,16.7,40.5,39.7,41.1,
1069,"Houston County, Alabama",103668,49901,53767,6.2,76,15.7,39.3,37.3,41.4,
1073,"Jefferson County, Alabama",659479,311972,347507,6.5,76.9,13.9,37.6,35.7,39.2,
1077,"Lauderdale County, Alabama",92797,44888,47909,4.6,79.9,17.9,41.6,39.3,43.7,
1081,"Lee County, Alabama",150933,74475,76458,6,78.1,9.9,30.5,29.4,31.6,
1083,"Limestone County, Alabama",88845,45042,43803,6.4,76.2,13.3,38.1,37.5,38.5,
1089,"Madison County, Alabama",346892,169325,177567,5.9,77.3,13.4,37.7,36.4,38.8,
1095,"Marshall County, Alabama",94760,45644,49116,6.7,75.4,15.9,39.3,38.7,39.5,
1097,"Mobile County, Alabama",414079,198492,215587,6.6,75.9,14.2,37,35.7,38.2,
1101,"Montgomery County, Alabama",226659,107820,118839,6.9,75.8,13,35.1,33.8,36.6,
1103,"Morgan County, Alabama",119787,58728,61059,6.7,76.8,15.6,39.1,36.6,42,
1115,"St. Clair County, Alabama",86308,43141,43167,6.7,77.2,14.1,39.4,37.4,41.4,
1117,"Shelby County, Alabama",204180,99787,104393,5.5,75.1,12.5,38,37.3,38.8,
1121,"Talladega County, Alabama",81096,40020,41076,5.5,77.9,15.6,40.4,38.9,41.6,
1125,"Tuscaloosa County, Alabama",200821,97451,103370,6,78.9,11.4,31.5,30.4,32.9,
1127,"Walker County, Alabama",65998,31752,34246,5.9,76.8,18.1,41.6,41.1,42.1,
2020,"Anchorage Municipality, Alaska",300950,153776,147174,7.3,74.9,8.4,32.4,31.7,33.2,
2090,"Fairbanks North Star Borough, Alaska",100436,54584,45852,8,75.4,7.6,30.4,29.2,31.8,
2170,"Matanuska-Susitna Borough, Alaska",95192,49620,45572,7.1,72.3,9.1,34.3,33.7,34.8,
4001,"Apache County, Arizona",71934,35352,36582,7.1,70.4,12.5,33.3,30.9,34.2,
4003,"Cochise County, Arizona",129473,65945,63528,5.8,77.4,19.2,40.3,38.8,41.5,
4005,"Coconino County, Arizona",136539,68011,68528,6,78.3,10.7,31.2,31,31.4,
4013,"Maricopa County, Arizona",4009412,1983791,2025621,6.8,74.7,13.4,35.6,34.4,36.8,
4015,"Mohave County, Arizona",203030,103169,99861,4.8,80.9,26,49.2,48.5,50.4,
4017,"Navajo County, Arizona",107322,53534,53788,7.4,71.9,15.5,35.5,34.8,36.6,
4019,"Pima County, Arizona",996554,491516,505038,6,78,17.2,38,36.5,39.7,
4021,"Pinal County, Arizona",389350,202854,186496,6.5,74.8,17,37.5,36.7,38.4,
4025,"Yavapai County, Arizona",215133,105433,109700,4.2,82.3,27,51.1,49.8,52.6,
4027,"Yuma County, Arizona",201201,103447,97754,7.7,73.3,16.8,33.5,31.8,35.6,
5007,"Benton County, Arkansas",237297,117822,119475,7.4,72.8,12.7,35.1,34.3,35.9,
5031,"Craighead County, Arkansas",101488,51236,50252,6.8,75.3,12.6,33.9,31.4,37.9,
5045,"Faulkner County, Arkansas",119580,58110,61470,6.3,76,11.2,31.5,31.2,31.6,
5051,"Garland County, Arkansas",97173,48217,48956,5.4,79.3,22.1,44.9,42.5,47.2,
5069,"Jefferson County, Arkansas",73191,36068,37123,6.3,76.5,14.7,39.4,37.1,41.6,
5085,"Lonoke County, Arkansas",70753,35279,35474,6.4,73.3,12.3,36,34.3,38.3,
5119,"Pulaski County, Arkansas",391284,188455,202829,7,76.1,13,36.1,34.1,38.2,
5125,"Saline County, Arkansas",114404,57611,56793,5.8,75.4,17.1,38.9,37.8,39.7,
5131,"Sebastian County, Arkansas",127342,61924,65418,7.2,75.1,13.7,37,34.8,39.2,
5143,"Washington County, Arkansas",216410,108545,107865,7.2,74.6,10.3,31.5,30,33.3,
5145,"White County, Arkansas",78483,38371,40112,5.8,76.5,15.5,36.5,34.9,36.9,
6001,"Alameda County, California",1578891,774312,804579,6.1,78.3,12.2,37.1,36.2,38.1,
6007,"Butte County, California",222090,109574,112516,5.4,79.7,16.6,36.4,35.1,37.6,
6013,"Contra Costa County, California",1094205,534456,559749,5.9,76.2,13.8,38.8,37.5,40.4,
6017,"El Dorado County, California",181737,90907,90830,4.4,78.6,17.6,44.5,42.9,45.3,
6019,"Fresno County, California",955272,477373,477899,8.3,70.9,10.9,31.4,30.5,32.3,
6023,"Humboldt County, California",134493,67456,67037,5.3,80.6,14.7,37.5,36.7,38.8,
6025,"Imperial County, California",176584,90256,86328,8.2,71.3,11.4,31.9,30.7,33.6,
6029,"Kern County, California",864124,443835,420289,8.4,70.3,9.6,31,30.4,31.6,
6031,"Kings County, California",150960,84044,66916,7.8,72.3,8.8,31.6,31.9,31,
6033,"Lake County, California",63860,31707,32153,6.2,79.8,19.8,45.9,42.2,47.6,
6037,"Los Angeles County, California",10017068,4941791,5075277,6.4,76.8,11.9,35.5,34.3,36.7,
6039,"Madera County, California",152389,74952,77437,7.8,71.9,12.4,33.5,32.4,34.4,
6041,"Marin County, California",258365,128095,130270,5.1,79.4,18.9,45.5,43.3,47.3,
6045,"Mendocino County, California",87192,43911,43281,5.3,78.9,18.4,42,39.6,45.3,
6047,"Merced County, California",263228,133668,129560,8.2,69.6,10.3,30.4,29.3,31.6,
6053,"Monterey County, California",428826,220192,208634,7.7,73.4,11.6,33.4,32.9,34,
6055,"Napa County, California",140326,69814,70512,5.6,77.8,16.5,40.3,38.8,41.5,
6057,"Nevada County, California",98200,48428,49772,3.9,81.9,22.8,49.4,48.1,51.1,
6059,"Orange County, California",3114363,1541578,1572785,6.1,76.7,12.8,36.9,35.6,38.3,
6061,"Placer County, California",367309,179952,187357,5.6,76.7,17.2,40.8,39.5,42,
6065,"Riverside County, California",2292507,1142160,1150347,6.9,73.1,12.8,34.3,33.3,35.4,
6067,"Sacramento County, California",1462131,715812,746319,6.8,75.3,12.4,35.4,34.2,36.9,
6071,"San Bernardino County, California",2088371,1040242,1048129,7.4,72.3,10,32.4,31.3,33.6,
6073,"San Diego County, California",3211252,1614671,1596581,6.5,77.4,12.3,35.1,33.6,36.5,
6075,"San Francisco County, California",837442,425845,411597,4.5,86.6,14.2,38.7,38.8,38.7,
6077,"San Joaquin County, California",704379,350997,353382,7.5,71.8,11.4,33.5,32.2,34.7,
6079,"San Luis Obispo County, California",276443,140836,135607,4.8,82,17,40.1,37.1,42,
6081,"San Mateo County, California",747373,368430,378943,6.1,78.3,14.4,39.3,38.1,40.7,
6083,"Santa Barbara County, California",435697,218766,216931,6.5,77.4,13.7,33.6,32.5,35.1,
6085,"Santa Clara County, California",1862041,936044,925997,6.5,76.6,12,36.7,35.9,37.7,
6087,"Santa Cruz County, California",269419,133491,135928,5.9,79.1,12.6,36.8,35.7,37.9,
6089,"Shasta County, California",178980,87894,91086,5.4,78.3,19.1,41.9,39.8,43.9,
6095,"Solano County, California",424788,212203,212585,6.1,76.7,12.9,37.2,35.8,38.5,
6097,"Sonoma County, California",495025,244183,250842,5.3,79.1,16,40.9,39.5,42.4,
6099,"Stanislaus County, California",525491,260324,265167,7.5,72.4,11.9,33.6,32.3,34.9,
6101,"Sutter County, California",95350,47571,47779,6.9,73.5,14,35.8,35.2,37.1,
6107,"Tulare County, California",454143,228435,225708,8.9,68.2,10.1,30.2,29.5,30.9,
6111,"Ventura County, California",839620,416790,422830,6.4,75.4,13,37.2,35.6,38.4,
6113,"Yolo County, California",204593,100216,104377,5.9,78.1,11.4,31,30.4,31.8,
6115,"Yuba County, California",73340,37111,36229,8.9,71.7,10.3,32.4,30.2,33.8,
8001,"Adams County, Colorado",469193,236733,232460,7.8,72.1,9.4,33.1,32.7,33.6,
8005,"Arapahoe County, Colorado",607070,299080,307990,6.5,75.3,11.5,36.3,35,37.5,
8013,"Boulder County, Colorado",310048,154644,155404,5.2,79.5,11.7,36.3,34.9,37.4,
8031,"Denver County, Colorado",649495,324648,324847,7,79,10.7,34.1,33.9,34.3,
8035,"Douglas County, Colorado",305963,152763,153200,6.5,71,9.3,37.2,36.7,37.9,
8041,"El Paso County, Colorado",655044,329314,325730,7,74.7,11,33.6,32.2,35.4,
8059,"Jefferson County, Colorado",551798,274795,277003,5.3,78.8,14.1,40.8,39.5,42.4,
8069,"Larimer County, Colorado",315988,157999,157989,5.5,79.4,13.3,35.9,34.7,37.4,
8077,"Mesa County, Colorado",147554,71858,75696,6.2,77.6,16.5,39.3,37.8,40.2,
8101,"Pueblo County, Colorado",161451,79596,81855,6.1,76.6,16.4,38.8,37.7,40.5,
8123,"Weld County, Colorado",269785,135179,134606,7.4,73,10.8,34,33.6,34.3,
9001,"Fairfield County, Connecticut",939904,458041,481863,5.8,76.2,14.2,39.9,38.1,41.4,
9003,"Hartford County, Connecticut",898272,435239,463033,5.5,78.1,15.4,40,38.2,41.7,
9005,"Litchfield County, Connecticut",186924,91192,95732,4.2,80,17.5,45.7,44.6,46.8,
9007,"Middlesex County, Connecticut",165562,80336,85226,4.5,80.3,17.2,44.4,43.4,45.4,
9009,"New Haven County, Connecticut",862287,415955,446332,5.3,78.7,15.3,39.9,38.4,41.1,
9011,"New London County, Connecticut",274150,137080,137070,5.2,79.4,15.2,40.4,38.5,42.2,
9013,"Tolland County, Connecticut",151377,76636,74741,3.9,81,13.6,39.1,37.4,40.4,
9015,"Windham County, Connecticut",117604,57404,60200,5,78.8,14.4,39.7,39.1,40.4,
10001,"Kent County, Delaware",169416,81748,87668,6.5,76,14.6,36.8,35.2,38.5,
10003,"New Castle County, Delaware",549684,265377,284307,6.1,77.7,13.4,37.3,35.9,38.4,
10005,"Sussex County, Delaware",206649,100664,105985,5.6,80.4,23.5,47.2,45.4,48.7,
11001,"District of Columbia, District of Columbia",646449,306147,340302,6.4,82.7,11.4,33.8,33.6,33.9,
12001,"Alachua County, Florida",253451,122310,131141,5.6,82,12,30.6,29.9,31.4,
12005,"Bay County, Florida",174987,86686,88301,6.1,78.5,15.6,40.1,39.3,40.5,
12009,"Brevard County, Florida",550823,269734,281089,4.7,81.2,22.1,47,44.9,48.5,
12011,"Broward County, Florida",1838844,894156,944688,5.9,78.2,15,40,38.5,41.2,
12015,"Charlotte County, Florida",164736,79880,84856,3.2,86.6,36.9,57.8,57.8,57.9,
12017,"Citrus County, Florida",139271,67965,71306,3.7,84.8,35.4,55.7,53.6,57.1,
12019,"Clay County, Florida",196399,96011,100388,5.3,75.6,13.7,38.8,38.5,38.9,
12021,"Collier County, Florida",339642,167199,172443,4.8,81.3,28.6,48.4,46.5,50.1,
12023,"Columbia County, Florida",67543,35037,32506,6.7,77.9,16.4,39.7,36.3,41.5,
12031,"Duval County, Florida",885855,428984,456871,6.8,77,12.3,36,34.5,37.7,
12033,"Escambia County, Florida",305817,152891,152926,6.3,79,15.6,37.2,34.6,40.1,
12035,"Flagler County, Florida",99956,46340,53616,4.4,81.3,27.8,48.9,47.1,49.9,
12053,"Hernando County, Florida",174441,83917,90524,4.2,81,27,48.3,47,49.6,
12055,"Highlands County, Florida",97616,48810,48806,5.3,82.3,33.7,52.5,49.4,55.1,
12057,"Hillsborough County, Florida",1291578,629589,661989,6.4,76.6,12.8,36.5,35.5,37.7,
12061,"Indian River County, Florida",141994,68621,73373,4.4,81.9,29.4,50.6,48.5,52.2,
12069,"Lake County, Florida",308034,149339,158695,5.1,79.8,25.6,46.6,45.1,47.8,
12071,"Lee County, Florida",661115,323810,337305,4.9,81,25.6,46.8,45.5,48.2,
12073,"Leon County, Florida",281845,133742,148103,5.2,80.8,11.2,29.9,29,31.1,
12081,"Manatee County, Florida",342106,166009,176097,5.1,80,25.1,46.3,45.1,48.1,
12083,"Marion County, Florida",337362,163577,173785,4.9,81.2,27.4,48,46.1,49.9,
12085,"Martin County, Florida",151263,73998,77265,4.1,82.9,28.5,50.8,47.9,53,
12086,"Miami-Dade County, Florida",2617176,1272121,1345055,5.9,79.2,14.9,39,37.5,40.7,
12087,"Monroe County, Florida",76351,39404,36947,5.1,85,19.7,48.2,48.3,48,
12089,"Nassau County, Florida",75710,37654,38056,5.1,79,19.6,44.2,42,45.9,
12091,"Okaloosa County, Florida",193811,98591,95220,5.9,77.7,14.6,36.8,34.8,39.6,
12095,"Orange County, Florida",1225267,603554,621713,6.3,77.1,10.5,34.3,33.3,35.2,
12097,"Osceola County, Florida",298504,146824,151680,6.5,74.6,12.4,35.6,34.1,36.9,
12099,"Palm Beach County, Florida",1372171,664665,707506,5.1,80.3,22.5,44,42.1,45.8,
12101,"Pasco County, Florida",475502,231072,244430,5.1,79.4,22,44.4,43.8,45.5,
12103,"Pinellas County, Florida",929048,445699,483349,4.5,82.8,22.6,47.4,45.6,48.7,
12105,"Polk County, Florida",623009,305508,317501,6,77,19.1,40.5,39.1,41.9,
12107,"Putnam County, Florida",72577,36076,36501,5.1,77.5,20.1,44,41.7,45.9,
12109,"St. Johns County, Florida",209647,103115,106532,4.8,77.8,17.6,43,42.1,43.9,
12111,"St. Lucie County, Florida",286832,139826,147006,5.2,78.7,22.1,43.7,42.4,44.9,
12113,"Santa Rosa County, Florida",161096,80868,80228,6,77,13.5,39.4,38.7,40.3,
12115,"Sarasota County, Florida",390429,185912,204517,3.8,84.7,33.4,53.9,52.3,55.5,
12117,"Seminole County, Florida",436041,210771,225270,5.2,78.2,13.6,39.1,37.6,40.6,
12119,"Sumter County, Florida",107056,54948,52108,2,92.3,51.7,65.5,65.1,66,
12127,"Volusia County, Florida",500800,242884,257916,4.7,81.8,22.9,46.6,44.5,48.1,
13013,"Barrow County, Georgia",71453,35748,35705,6.6,72.6,10.7,35.3,33.3,37.2,
13015,"Bartow County, Georgia",101273,51010,50263,4.5,75.8,13.2,36,35.1,36.8,
13021,"Bibb County, Georgia",154721,73806,80915,7.4,74.6,13.5,35.3,33.3,36.8,
13031,"Bulloch County, Georgia",71214,34715,36499,5.7,79.5,10.6,26.7,26.3,27.3,
13045,"Carroll County, Georgia",112355,53855,58500,6.3,75.4,12,34.4,35,33.7,
13047,"Catoosa County, Georgia",65311,31630,33681,5.4,75.7,15.3,39.2,36.9,40.3,
13051,"Chatham County, Georgia",278434,134485,143949,7,77.7,13.4,34.3,32.7,35.8,
13057,"Cherokee County, Georgia",225106,110688,114418,6.5,73.3,11.7,37.3,36.5,38.1,
13059,"Clarke County, Georgia",121265,57921,63344,5.9,82.6,9,26.1,25.5,26.7,
13063,"Clayton County, Georgia",264220,125722,138498,7.9,71.6,7.6,32.9,30.6,34.2,
13067,"Cobb County, Georgia",717190,347115,370075,6.7,75.1,10.1,36.1,34.9,37.4,
13073,"Columbia County, Georgia",135416,66057,69359,5.8,73.6,10.8,36,34.5,36.7,
13077,"Coweta County, Georgia",133180,64923,68257,6.5,73.8,12.1,37.2,37.4,37.1,
13089,"DeKalb County, Georgia",713340,339881,373459,7.4,76.3,9.9,35.1,34,36.1,
13095,"Dougherty County, Georgia",92969,43281,49688,6.9,74.6,12.8,33.9,32,35.8,
13097,"Douglas County, Georgia",136379,64988,71391,7,73,10,36.1,35.4,37.4,
13113,"Fayette County, Georgia",108365,52527,55838,3.1,75.7,15.4,43.3,42.8,43.8,
13115,"Floyd County, Georgia",95821,46662,49159,6.1,76.4,14.8,37.6,36.7,38.2,
13117,"Forsyth County, Georgia",195405,97073,98332,6.4,70.6,10.8,38.2,37.6,38.7,
13121,"Fulton County, Georgia",984293,478253,506040,6.6,76.5,10.1,34.6,33.6,35.6,
13127,"Glynn County, Georgia",81508,36821,44687,6,76.1,17.2,40.1,41.6,38.6,
13135,"Gwinnett County, Georgia",859304,421731,437573,7.1,71.9,8.2,34.5,33.3,35.5,
13139,"Hall County, Georgia",187745,95720,92025,7.3,72.9,13,35.4,33.2,36.6,
13151,"Henry County, Georgia",211128,101697,109431,6.1,72.3,9.7,36.3,34.6,37,
13153,"Houston County, Georgia",147658,72891,74767,6.5,74.1,11.4,34,32.5,35.7,
13179,"Liberty County, Georgia",64135,31912,32223,11.6,70.5,6.6,27.6,27.7,27.6,
13185,"Lowndes County, Georgia",112916,55430,57486,7.9,75,10.3,29.6,29.3,30,
13215,"Muscogee County, Georgia",202824,99399,103425,7.2,75.4,11.7,33.4,31.2,36.1,
13217,"Newton County, Georgia",102446,48404,54042,6.9,72.7,11.4,36.1,33.4,37.8,
13223,"Paulding County, Georgia",146950,71630,75320,6.7,71.6,8.6,35.3,34.6,36.2,
13245,"Richmond County, Georgia",202003,97855,104148,7.2,76,12.1,33.6,31.6,35.7,
13247,"Rockdale County, Georgia",86919,41329,45590,5,74.4,12.1,37.3,36.5,38.2,
13285,"Troup County, Georgia",69053,33102,35951,6.9,73.8,13.1,35.9,34.1,36.4,
13295,"Walker County, Georgia",68198,33336,34862,5.8,77.2,16.5,41.7,39.6,43.4,
13297,"Walton County, Georgia",85754,39252,46502,6.7,74,13.6,38.7,38.3,39,
13313,"Whitfield County, Georgia",102945,51014,51931,7.2,73,12.5,35,33.8,37.2,
15001,"Hawaii County, Hawaii",190821,95810,95011,6.2,77.7,16.8,41,40.5,42.1,
15003,"Honolulu County, Hawaii",983429,498255,485174,6.6,78.3,15.5,37,34.9,39.1,
15007,"Kauai County, Hawaii",69512,35316,34196,6.2,77.7,17,41.2,39.8,42.7,
15009,"Maui County, Hawaii",160195,81496,78699,6.1,77.7,14.7,40.3,38.6,41.1,
16001,"Ada County, Idaho",416464,209551,206913,6.2,74.5,12.1,36.2,35.2,37.2,
16005,"Bannock County, Idaho",83249,41254,41995,7.6,73.5,12.1,33.2,32.4,34.1,
16019,"Bonneville County, Idaho",107517,52749,54768,8.7,68.5,11.4,32.6,32.1,33.1,
16027,"Canyon County, Idaho",198871,98840,100031,7.9,69.6,12.1,32.9,31.9,33.6,
16055,"Kootenai County, Idaho",144265,71136,73129,6.1,76.4,16.4,38.9,38,39.9,
16083,"Twin Falls County, Idaho",79957,39697,40260,7.8,72.3,14.7,34.3,33.6,35.3,
17001,"Adams County, Illinois",67130,32405,34725,5.5,78.3,18.2,42.1,40.2,43.8,
17019,"Champaign County, Illinois",204897,103089,101808,5.4,80.8,11.1,29.5,28.4,30.9,
17031,"Cook County, Illinois",5240700,2542642,2698058,6.5,77.1,12.7,35.9,34.7,37.1,
17037,"DeKalb County, Illinois",104741,51241,53500,5.9,78.1,10.8,30.4,29.3,31.6,
17043,"DuPage County, Illinois",932126,457399,474727,6,76.2,13,39,37.5,40.2,
17089,"Kane County, Illinois",523643,260456,263187,6.8,72.4,11.4,35.7,35.1,36.4,
17091,"Kankakee County, Illinois",112120,55009,57111,6.4,75.4,14.6,37.5,36.7,38.2,
17093,"Kendall County, Illinois",119348,58597,60751,8.3,69.8,7.8,32.7,31.6,33.5,
17097,"Lake County, Illinois",703019,350792,352227,6,74.2,11.8,37.4,35.8,39,
17099,"LaSalle County, Illinois",112183,56345,55838,5.3,77.8,17.1,41.6,40.3,43.3,
17111,"McHenry County, Illinois",307409,152979,154430,5.5,74.6,11.7,39.5,38.2,40.3,
17113,"McLean County, Illinois",174647,84900,89747,6,77.9,10.8,32.1,31.9,32.6,
17115,"Macon County, Illinois",109278,51859,57419,6.2,77.7,17.4,39.7,38.1,40.7,
17119,"Madison County, Illinois",267225,131038,136187,5.8,77.8,15.3,39.5,37.9,40.9,
17143,"Peoria County, Illinois",188429,91298,97131,6.9,76.3,14.9,36.4,35.3,37.9,
17161,"Rock Island County, Illinois",147258,72153,75105,6.4,77.6,17,40.4,39,41.6,
17163,"St. Clair County, Illinois",266955,129368,137587,6.4,75.8,13.5,37.8,36.2,39.5,
17167,"Sangamon County, Illinois",199145,95027,104118,6.2,76.9,15,40,38.1,41,
17179,"Tazewell County, Illinois",136352,68061,68291,5.9,77,16.3,40.9,39.5,42.6,
17183,"Vermilion County, Illinois",80329,39840,40489,6.9,76,16.8,40.3,38.6,42.2,
17197,"Will County, Illinois",682829,339409,343420,6.3,72.8,10.7,36.8,35.7,37.6,
17199,"Williamson County, Illinois",66924,33009,33915,6,78.2,16.9,40.5,39.3,42,
17201,"Winnebago County, Illinois",290666,142488,148178,6.4,75.8,15.3,39.5,38.2,40.8,
18003,"Allen County, Indiana",363014,176426,186588,7.2,73.7,12.8,35.6,34.7,36.8,
18005,"Bartholomew County, Indiana",79587,39788,39799,7.1,75.3,14.9,36.7,34.8,37.9,
18019,"Clark County, Indiana",112938,55170,57768,7,76.7,14,38.9,37.1,40,
18035,"Delaware County, Indiana",117484,56234,61250,5,80.8,15.4,34.7,33,36.4,
18039,"Elkhart County, Indiana",200563,98708,101855,7.5,72,13.1,35.2,34.2,35.8,
18043,"Floyd County, Indiana",76244,36684,39560,5.9,76.5,14,39.1,38.7,39.7,
18053,"Grant County, Indiana",69126,32971,36155,5.6,78.9,17.7,39,39.1,38.7,
18057,"Hamilton County, Indiana",296693,144805,151888,6.8,71,10.1,36,35.4,36.6,
18059,"Hancock County, Indiana",71575,34825,36750,5.3,76.1,14.7,41,39.5,42.5,
18063,"Hendricks County, Indiana",153879,75977,77902,6.5,73.8,11.9,36.9,35.9,38,
18067,"Howard County, Indiana",82760,39788,42972,6.3,77,17.3,41.5,38.9,42.3,
18081,"Johnson County, Indiana",145535,70862,74673,6.7,74.2,13.1,36.8,36.3,37.8,
18085,"Kosciusko County, Indiana",77963,39503,38460,6.3,75.7,14.5,39.2,37,40.4,
18089,"Lake County, Indiana",491456,237465,253991,6.4,75.2,14.2,38.2,36.5,40.1,
18091,"LaPorte County, Indiana",111281,57341,53940,5.9,77.9,15.1,39.2,37.9,41.5,
18095,"Madison County, Indiana",130482,65581,64901,5.8,77.5,16.6,39.5,38.4,41.1,
18097,"Marion County, Indiana",928281,447900,480381,7.5,75.1,11.1,34.1,33,35.2,
18105,"Monroe County, Indiana",141888,70492,71396,4.6,84,11.1,28,27.3,29.3,
18109,"Morgan County, Indiana",69782,34315,35467,6.1,76,14.4,40.9,39.6,42.2,
18127,"Porter County, Indiana",166557,81493,85064,5.6,76.9,13.9,39.2,38.4,39.9,
18141,"St. Joseph County, Indiana",266709,128406,138303,6.5,76,14,36.9,35.9,37.6,
18157,"Tippecanoe County, Indiana",180174,92323,87851,6.1,79.3,10.2,28.5,26.1,31,
18163,"Vanderburgh County, Indiana",181398,88101,93297,6.2,78.1,14.9,37.9,37.2,39.2,
18167,"Vigo County, Indiana",108291,54201,54090,5.8,79.1,14.1,36.1,35,36.8,
18177,"Wayne County, Indiana",67893,32602,35291,6.1,77.5,17.5,41.3,38.6,42.8,
19013,"Black Hawk County, Iowa",132546,64636,67910,6.3,78.5,14.5,34.6,34.1,35.2,
19049,"Dallas County, Iowa",74641,36200,38441,8.1,71.1,10.7,34.6,34.4,34.7,
19061,"Dubuque County, Iowa",95697,47453,48244,6.1,76.9,15.7,39,37.1,41.1,
19103,"Johnson County, Iowa",139155,69119,70036,5.9,79.8,9.4,29.2,28.9,29.9,
19113,"Linn County, Iowa",216111,105486,110625,6.5,76.1,13.7,36.9,35.7,37.6,
19153,"Polk County, Iowa",451677,222809,228868,7.2,74.8,11.6,35,34.1,35.7,
19155,"Pottawattamie County, Iowa",92728,45437,47291,6.5,76.3,15.2,39.1,37.7,40.6,
19163,"Scott County, Iowa",170385,84353,86032,6.6,75.8,13.9,37.8,36.9,39.3,
19169,"Story County, Iowa",92406,47574,44832,4.7,82.6,10.4,25.8,24.8,27.6,
19193,"Woodbury County, Iowa",102130,49902,52228,7.2,73.8,13.2,35.3,34.7,36.1,
20015,"Butler County, Kansas",65803,33063,32740,5.6,73.8,13.7,37.2,35.6,38.7,
20045,"Douglas County, Kansas",114322,55792,58530,5.5,81.4,10.3,30.6,29.7,31.2,
20091,"Johnson County, Kansas",566933,277830,289103,6.8,74.4,12.2,36.7,35.6,37.8,
20103,"Leavenworth County, Kansas",78185,41790,36395,6.5,75.4,11.8,35.8,35.5,36.4,
20161,"Riley County, Kansas",75394,40431,34963,6.5,82.9,7.8,24.7,24.5,25.2,
20173,"Sedgwick County, Kansas",505415,250362,255053,7.6,73.4,12.4,34.6,33.5,35.7,
20177,"Shawnee County, Kansas",178831,86326,92505,6.6,75.5,15.6,38.7,37.6,39.5,
20209,"Wyandotte County, Kansas",160384,79223,81161,8.5,71.7,11.1,33.2,32.4,34.2,
21015,"Boone County, Kentucky",124442,61456,62986,7.4,72.4,11,36.3,35.5,36.7,
21029,"Bullitt County, Kentucky",76854,38340,38514,4.9,76.8,13.2,40,39.6,40.5,
21037,"Campbell County, Kentucky",90988,44719,46269,6.6,77,13.3,37.4,36.1,38.4,
21047,"Christian County, Kentucky",74167,38725,35442,9,72.4,11,28.7,27.3,32,
21059,"Daviess County, Kentucky",98218,46896,51322,6.5,75.4,15.9,39.8,38.5,40.3,
21067,"Fayette County, Kentucky",308428,150932,157496,6.2,78.9,11.4,34.2,33.5,35,
21093,"Hardin County, Kentucky",108191,54174,54017,6.7,74.5,12,35.6,33,38.5,
21111,"Jefferson County, Kentucky",756832,365403,391429,6.5,77.2,14.1,38.3,36.7,40,
21117,"Kenton County, Kentucky",163145,79952,83193,6.9,74.9,12.2,35.8,35.5,36.3,
21145,"McCracken County, Kentucky",65373,31041,34332,5.7,77.3,17.6,42.1,41.4,43.2,
21151,"Madison County, Kentucky",85590,41552,44038,5.3,78.8,12.8,34.1,33.2,34.9,
21195,"Pike County, Kentucky",63380,30800,32580,5.9,78.7,15.6,41.4,41.1,42.5,
21227,"Warren County, Kentucky",118370,57892,60478,6.3,77.5,11.8,32.8,31.8,33.6,
22005,"Ascension Parish, Louisiana",114393,55412,58981,6.9,72.1,9.5,34.7,35,34.2,
22015,"Bossier Parish, Louisiana",123823,60059,63764,7.3,74.6,12.1,33.7,32.9,34.6,
22017,"Caddo Parish, Louisiana",254887,121384,133503,7.3,75.7,14.2,36.6,34.7,38.6,
22019,"Calcasieu Parish, Louisiana",195296,94732,100564,6.7,75.1,13.3,36.5,35.1,37.7,
22033,"East Baton Rouge Parish, Louisiana",445227,214052,231175,6.5,77.1,11.9,33,31.6,34.5,
22045,"Iberia Parish, Louisiana",73878,35412,38466,7.7,73.4,12.9,35.6,34.3,36.8,
22051,"Jefferson Parish, Louisiana",434767,211582,223185,6.3,78,14.7,38.9,37,40.4,
22055,"Lafayette Parish, Louisiana",230845,113177,117668,6.8,76.1,10.7,33.8,32.9,34.9,
22057,"Lafourche Parish, Louisiana",97141,46711,50430,6.6,76.2,13.1,36.4,35.7,36.6,
22063,"Livingston Parish, Louisiana",134053,65039,69014,6.9,73.6,11.2,35.5,35,36.2,
22071,"Orleans Parish, Louisiana",378715,181823,196892,6.2,79.4,11.8,35.4,34.5,36.3,
22073,"Ouachita Parish, Louisiana",156220,75025,81195,7.2,74.2,12.9,34.7,33.7,36.1,
22079,"Rapides Parish, Louisiana",132723,64228,68495,6.6,74.7,14.4,36.8,34,39.1,
22097,"St. Landry Parish, Louisiana",83454,39697,43757,7.6,73.7,14.6,36.7,35.1,38.3,
22103,"St. Tammany Parish, Louisiana",242333,117418,124915,5.8,75.1,14.6,39.6,38.2,40.6,
22105,"Tangipahoa Parish, Louisiana",125412,61008,64404,6.9,75.2,12.5,33.8,32.4,35.1,
22109,"Terrebonne Parish, Louisiana",112749,55518,57231,6.7,74.6,12.2,35.1,34.6,35.4,
23001,"Androscoggin County, Maine",107604,52964,54640,6.4,77.8,15.4,40.9,39.8,41.8,
23003,"Aroostook County, Maine",70055,34590,35465,4.7,80.9,20.8,46.5,45.3,47.5,
23005,"Cumberland County, Maine",285456,138952,146504,4.9,80.2,16,42,40.3,43.5,
23011,"Kennebec County, Maine",121164,59661,61503,5.1,80.1,17.2,44,42.6,44.6,
23019,"Penobscot County, Maine",153364,75294,78070,4.7,81.2,16,41.2,40.1,42.3,
23031,"York County, Maine",199431,97501,101930,4.4,80.2,17.4,44.7,42.9,46,
24001,"Allegany County, Maryland",73521,38190,35331,4.5,82.5,18.8,42.2,39.2,44.4,
24003,"Anne Arundel County, Maryland",555743,275672,280071,6.4,77.2,13.1,38.5,36.8,39.6,
24005,"Baltimore County, Maryland",823015,390179,432836,6,78.4,15.5,39,37.2,40.9,
24009,"Calvert County, Maryland",90484,45033,45451,5.1,75.4,12.4,40.4,39.1,41.4,
24013,"Carroll County, Maryland",167564,82438,85126,5.2,77.1,14.8,42.1,40.9,42.8,
24015,"Cecil County, Maryland",101913,51269,50644,5.8,76.3,13.7,39.3,38.4,40.4,
24017,"Charles County, Maryland",152864,73011,79853,6,74.8,10.4,37.6,36.5,38.9,
24021,"Frederick County, Maryland",241409,119433,121976,6,75.9,12.7,39.4,38.6,40.2,
24025,"Harford County, Maryland",249215,122340,126875,5.6,76.6,13.8,40.2,38.7,41.2,
24027,"Howard County, Maryland",304580,150230,154350,6,75.1,11.6,38.6,37.4,39.5,
24031,"Montgomery County, Maryland",1016677,490166,526511,6.5,76.4,13.3,38.4,36.9,40.1,
24033,"Prince George's County, Maryland",890081,428195,461886,6.7,77.3,10.8,35.9,34.2,37.5,
24037,"St. Mary's County, Maryland",109633,55688,53945,6.8,74.9,11,36.7,36.9,36.5,
24043,"Washington County, Maryland",149588,76091,73497,5.6,77.8,15.3,40.3,39.6,41.3,
24045,"Wicomico County, Maryland",100896,48136,52760,6,78.5,13.8,34.9,33.5,37.1,
24510,"Baltimore city, Maryland",622104,292760,329344,6.7,78.9,12,34.6,33.4,35.8,
25001,"Barnstable County, Massachusetts",214990,101704,113286,3.8,83.8,27.1,51.5,49.5,53.1,
25003,"Berkshire County, Massachusetts",129585,62503,67082,4.3,81.7,20.2,45.6,44,46.8,
25005,"Bristol County, Massachusetts",552780,268698,284082,5.3,78.6,15.5,40.2,38.4,42,
25009,"Essex County, Massachusetts",762550,367056,395494,5.7,77.8,15.2,40.9,39.2,42.6,
25011,"Franklin County, Massachusetts",71221,34697,36524,4.6,81.4,17.6,45.8,44.2,46.9,
25013,"Hampden County, Massachusetts",467319,225431,241888,5.8,77.2,15.1,38.3,36.5,40.2,
25015,"Hampshire County, Massachusetts",159596,74566,85030,3.5,84.5,14.2,36.4,35.9,36.9,
25017,"Middlesex County, Massachusetts",1552802,757753,795049,5.6,79.3,13.8,38.7,37.3,40.1,
25021,"Norfolk County, Massachusetts",687802,329978,357824,5.4,78.2,15.4,41,39.7,42.3,
25023,"Plymouth County, Massachusetts",501915,244338,257577,5.3,77.1,15.8,42.5,41.2,43.6,
25025,"Suffolk County, Massachusetts",755503,365195,390308,5.7,82.7,10.9,32.2,31.6,32.9,
25027,"Worcester County, Massachusetts",809106,399665,409441,5.5,77.8,13.8,39.8,38.2,41.3,
26005,"Allegan County, Michigan",112531,56385,56146,6,74.9,14.8,40.5,40.1,41.1,
26017,"Bay County, Michigan",106832,52922,53910,5.3,79,17.8,42.1,39.4,43.6,
26021,"Berrien County, Michigan",155252,75662,79590,6.1,77.3,17.3,42.1,40.9,43.3,
26025,"Calhoun County, Michigan",135012,65544,69468,5.9,76.7,16.2,40.1,39.4,40.7,
26037,"Clinton County, Michigan",76739,37735,39004,5.3,77,14.9,40.4,40,40.7,
26045,"Eaton County, Michigan",108348,53796,54552,5.4,77.8,15.8,41,37.9,43.7,
26049,"Genesee County, Michigan",415376,200114,215262,5.9,76.3,15.1,39.7,37.8,41.3,
26055,"Grand Traverse County, Michigan",89987,44010,45977,6.2,78.4,16.4,41.4,39.8,43.3,
26065,"Ingham County, Michigan",282234,136888,145346,5.6,79.7,11.5,31.5,30.9,32.2,
26073,"Isabella County, Michigan",70436,33870,36566,4.8,82.6,11,26.6,27,26.1,
26075,"Jackson County, Michigan",160369,82559,77810,5.5,77.7,15.2,40.8,40.1,41.7,
26077,"Kalamazoo County, Michigan",256725,126095,130630,5.8,77.8,13.1,34,32.6,36.1,
26081,"Kent County, Michigan",621700,305343,316357,7,74.6,11.9,34.9,33.9,35.8,
26087,"Lapeer County, Michigan",88389,43785,44604,4.7,77.5,15.4,43.2,42.8,43.5,
26091,"Lenawee County, Michigan",99188,50680,48508,5.9,77.9,15.8,40.8,38,43.5,
26093,"Livingston County, Michigan",184443,92109,92334,5.2,76.5,14.3,42.5,42.1,42.9,
26099,"Macomb County, Michigan",854769,415795,438974,5.4,77.9,15.2,41.1,39.6,42.6,
26103,"Marquette County, Michigan",67700,34046,33654,5.1,81.7,16.1,39.7,40,39.4,
26111,"Midland County, Michigan",83919,41026,42893,5.3,78,15.6,41,39.2,42.1,
26115,"Monroe County, Michigan",150376,74598,75778,5.5,77.2,15.2,41.6,40.8,42.6,
26121,"Muskegon County, Michigan",171008,83967,87041,6.1,75.9,14.7,39.1,38.5,40.1,
26125,"Oakland County, Michigan",1231640,597623,634017,5.5,77.5,14.6,40.8,39.3,42.1,
26139,"Ottawa County, Michigan",272701,134175,138526,6.4,74.9,13,34.7,33.5,35.8,
26145,"Saginaw County, Michigan",196542,95052,101490,5.7,77.8,16.6,40.9,39.1,42,
26147,"St. Clair County, Michigan",160469,79673,80796,5.3,77.5,15.9,42.5,41.2,43.6,
26155,"Shiawassee County, Michigan",68900,34021,34879,5.1,77.7,15.8,41.6,40.4,42.9,
26159,"Van Buren County, Michigan",75455,36883,38572,6.4,75.7,15.5,41.7,41.3,41.9,
26161,"Washtenaw County, Michigan",354240,174523,179717,5.3,80.1,11.5,33.6,32.7,34.6,
26163,"Wayne County, Michigan",1775273,853333,921940,6.5,75.7,13.6,38,36.1,39.6,
27003,"Anoka County, Minnesota",339534,170292,169242,6.3,75.3,11.1,37.8,37.1,38.5,
27013,"Blue Earth County, Minnesota",65528,32163,33365,6,80.3,12.5,30.4,30.2,30.6,
27019,"Carver County, Minnesota",95562,47331,48231,6.2,71.4,9.4,36.7,35.6,37.6,
27037,"Dakota County, Minnesota",408509,201339,207170,6.6,74.8,11.7,37.4,36.4,38.4,
27053,"Hennepin County, Minnesota",1198778,590282,608496,6.6,77.6,12.1,36.1,35.2,37.2,
27109,"Olmsted County, Minnesota",149226,72102,77124,7.2,75.1,13.4,37.4,36.1,38.2,
27123,"Ramsey County, Minnesota",526714,255784,270930,7.1,76.7,12.6,34.5,33.5,35.7,
27131,"Rice County, Minnesota",65049,33453,31596,6,76.4,13.5,35.4,33.8,36.5,
27137,"St. Louis County, Minnesota",200540,100912,99628,5,80.7,16.9,40.9,39.7,42.3,
27139,"Scott County, Minnesota",137232,66775,70457,7.4,71,8.9,35.6,35.6,35.7,
27141,"Sherburne County, Minnesota",90158,45368,44790,7.2,71.9,9.8,36,34.9,37,
27145,"Stearns County, Minnesota",152092,77190,74902,5.9,77.3,13.1,33.6,32.2,35.1,
27163,"Washington County, Minnesota",246603,122233,124370,6.2,74.6,12.5,39,37.9,40.3,
27171,"Wright County, Minnesota",128470,65057,63413,7.6,70.9,10.7,35.1,34.2,35.9,
28033,"DeSoto County, Mississippi",168240,81363,86877,6.2,72.8,11.4,36.4,35.1,37.9,
28035,"Forrest County, Mississippi",77059,37720,39339,6.8,76.9,12,31.6,30.3,33.1,
28047,"Harrison County, Mississippi",196500,97607,98893,7.3,75.7,13,35.3,33.3,37.6,
28049,"Hinds County, Mississippi",244899,114345,130554,6.9,74.4,11.7,33.9,32.5,35.1,
28059,"Jackson County, Mississippi",140450,68069,72381,6.7,75.6,14,37,36.5,37.4,
28067,"Jones County, Mississippi",68961,33213,35748,7.2,74.4,15,37.6,37.9,37.5,
28075,"Lauderdale County, Mississippi",80254,38710,41544,6.5,76,14.7,37.4,35.5,38.4,
28081,"Lee County, Mississippi",85340,40424,44916,7.1,73.9,13.7,37.1,36,37.5,
28089,"Madison County, Mississippi",100412,47874,52538,6.8,74.1,11.8,37.8,36.6,38.7,
28121,"Rankin County, Mississippi",146767,69829,76938,6.7,75.2,12.8,36.9,36.9,36.9,
29019,"Boone County, Missouri",170773,81841,88932,6,79.8,10.2,29.9,29.1,30.8,
29021,"Buchanan County, Missouri",89631,45083,44548,6.9,76.9,13.9,37.2,35.5,39,
29031,"Cape Girardeau County, Missouri",77320,37803,39517,6.6,77.6,15.2,35.4,33.8,37,
29037,"Cass County, Missouri",100641,48220,52421,6,74.5,14.7,38.7,37.7,39.1,
29043,"Christian County, Missouri",80899,38565,42334,6.3,73.1,13.6,36.8,37.3,36.4,
29047,"Clay County, Missouri",230473,112808,117665,6.6,74.8,12.4,36,35.3,36.9,
29051,"Cole County, Missouri",76699,37593,39106,6.5,76.8,13.4,37.2,38.3,36.6,
29071,"Franklin County, Missouri",101816,50843,50973,6.1,76.2,15.1,40.1,38.2,41,
29077,"Greene County, Missouri",283870,138805,145065,6.2,79,15,35.4,34,36.7,
29095,"Jackson County, Missouri",679996,328989,351007,6.9,75.9,13.3,36.5,35.3,37.9,
29097,"Jasper County, Missouri",116398,56611,59787,6.9,74.7,13.7,35.2,34.5,36.2,
29099,"Jefferson County, Missouri",221396,109692,111704,6.4,75.7,12.6,38.4,37.1,39.8,
29165,"Platte County, Missouri",93310,45700,47610,6.3,75.7,12.7,36.9,35.4,38.9,
29183,"St. Charles County, Missouri",373495,183471,190024,6.2,75.4,12.8,37.7,36.4,38.9,
29187,"St. Francois County, Missouri",66215,35654,30561,5.3,78.7,15,38.1,36.2,40,
29189,"St. Louis County, Missouri",1001444,474101,527343,5.8,77.5,16.1,40.3,38,41.7,
29510,"St. Louis city, Missouri",318416,154551,163865,6.6,79.6,11.1,34.7,34,35.5,
30013,"Cascade County, Montana",82384,41107,41277,7.2,77.7,16.4,37.4,35.4,39.2,
30029,"Flathead County, Montana",93068,45976,47092,5.7,77.2,16,41.6,41.4,41.8,
30031,"Gallatin County, Montana",94720,48659,46061,5.9,79.3,10.6,32.9,32.1,33.8,
30049,"Lewis and Clark County, Montana",65338,32505,32833,5.5,78.1,15.2,40.7,39,41.8,
30063,"Missoula County, Montana",111807,55887,55920,5.4,80.8,13.3,34.2,33.4,35.7,
30111,"Yellowstone County, Montana",154162,75531,78631,6.3,76.4,15.3,37.8,37.1,38.6,
31055,"Douglas County, Nebraska",537256,264222,273034,7.6,74.2,11.2,34,33.4,34.8,
31109,"Lancaster County, Nebraska",297036,148611,148425,6.7,76.9,11.8,32.9,32,33.9,
31153,"Sarpy County, Nebraska",169331,84631,84700,7.7,71.6,9.9,33.8,33,34.7,
32003,"Clark County, Nevada",2027868,1017256,1010612,6.6,75.9,12.8,36.5,35.8,37.1,
32031,"Washoe County, Nevada",433731,217140,216591,6,77.2,14,37.2,36.3,38.4,
33005,"Cheshire County, New Hampshire",76610,37108,39502,4.6,81.5,16.5,42.1,42.2,42,
33009,"Grafton County, New Hampshire",89629,44465,45164,4.5,82.3,17.3,41.6,39.5,43.4,
33011,"Hillsborough County, New Hampshire",403985,200316,203669,5.6,77.9,13.4,40.3,39.6,40.9,
33013,"Merrimack County, New Hampshire",146849,72515,74334,5,79.8,15.3,42.6,41.7,43.7,
33015,"Rockingham County, New Hampshire",299134,147414,151720,4.6,78.9,14.7,43.5,42.7,44.1,
33017,"Strafford County, New Hampshire",124593,60599,63994,5.2,80.2,13.5,37.9,37.1,38.4,
34001,"Atlantic County, New Jersey",275862,134183,141679,6.1,77.6,15.4,40.3,38.8,41.9,
34003,"Bergen County, New Jersey",925328,447917,477411,5.3,78.1,15.8,41.5,40,42.9,
34005,"Burlington County, New Jersey",450838,221867,228971,5.5,77.9,15.2,41.2,39.4,42.7,
34007,"Camden County, New Jersey",512854,248176,264678,6.4,76.5,13.9,38.3,36.5,39.8,
34009,"Cape May County, New Jersey",95897,46265,49632,4.5,82,23.7,48.4,46.5,49.8,
34011,"Cumberland County, New Jersey",157332,80375,76957,6.8,76.3,13.3,36.5,35.4,38.3,
34013,"Essex County, New Jersey",789565,379494,410071,6.7,75.7,12.3,37,35.2,38.7,
34015,"Gloucester County, New Jersey",290265,141162,149103,5.7,76.7,13.7,39.7,38,41.1,
34017,"Hudson County, New Jersey",660282,328509,331773,6.9,79.7,10.7,34.6,33.7,35.5,
34019,"Hunterdon County, New Jersey",126250,63756,62494,4.1,78.7,15.2,45.1,43.6,46.7,
34021,"Mercer County, New Jersey",370414,181391,189023,5.8,78.1,13.5,38.6,37.1,39.9,
34023,"Middlesex County, New Jersey",828919,408016,420903,6,77.8,13.2,37.8,36.7,39,
34025,"Monmouth County, New Jersey",629672,306533,323139,5.2,77.4,15.2,42.6,41.5,43.6,
34027,"Morris County, New Jersey",499397,244610,254787,5.2,77.4,15.2,42,40.7,43.2,
34029,"Ocean County, New Jersey",583414,279263,304151,6.7,76.5,21.8,43,41,45.1,
34031,"Passaic County, New Jersey",505672,246355,259317,6.9,75.6,12.9,36.3,35.1,37.7,
34033,"Salem County, New Jersey",65166,31508,33658,6.4,77.4,16.1,40.8,38.9,42.2,
34035,"Somerset County, New Jersey",330585,161954,168631,4.9,76.4,13.7,41.1,40,42.3,
34037,"Sussex County, New Jersey",145992,72834,73158,4.9,78,14.1,43,42.3,44.1,
34039,"Union County, New Jersey",548256,267857,280399,6.5,76,12.9,38.2,36.7,39.5,
34041,"Warren County, New Jersey",107379,51724,55655,4.9,78,15.6,42.5,41.7,43.2,
35001,"Bernalillo County, New Mexico",674221,330951,343270,6.4,76.8,13.6,36.4,35.1,37.9,
35005,"Chaves County, New Mexico",65823,32010,33813,7.3,72.4,14.2,35,34.6,35.7,
35013,"Doña Ana County, New Mexico",213460,105056,108404,7.5,74.2,13.5,32.5,31,34,
35025,"Lea County, New Mexico",68062,35027,33035,8.3,69.8,10.4,31.9,31.8,32,
35031,"McKinley County, New Mexico",73308,36041,37267,8.8,69.8,9.8,31.2,29.3,34,
35035,"Otero County, New Mexico",65616,33675,31941,7,76.3,16.2,35.9,34,39.1,
35043,"Sandoval County, New Mexico",136575,67308,69267,6,74.9,14.4,39.5,37.9,41.1,
35045,"San Juan County, New Mexico",126503,62830,63673,7.6,72.2,12.3,34,32.9,35,
35049,"Santa Fe County, New Mexico",147423,71789,75634,5.1,79.9,18.5,44.1,42.9,45.8,
35061,"Valencia County, New Mexico",76284,38323,37961,6.9,74.8,14.4,38.7,38.1,40.3,
36001,"Albany County, New York",306945,148717,158228,4.9,80.9,14.9,37.6,36.4,39.3,
36005,"Bronx County, New York",1418733,669665,749068,7.7,74.3,11.2,33.3,31.2,35.2,
36007,"Broome County, New York",197534,96128,101406,5,80.3,17.4,39.8,37.8,42.2,
36009,"Cattaraugus County, New York",78892,39035,39857,5.6,77.3,16.9,41.2,39.6,42.5,
36011,"Cayuga County, New York",79477,40287,39190,5.4,79.4,17.5,42.9,42.4,44,
36013,"Chautauqua County, New York",133080,65892,67188,5,78.9,17.6,41.3,39.1,43.6,
36015,"Chemung County, New York",88506,43749,44757,6,78.2,16.3,41.6,40.6,42.3,
36019,"Clinton County, New York",81591,42056,39535,4.8,81.6,15,40.1,39.6,40.9,
36027,"Dutchess County, New York",296916,146960,149956,4.7,79.5,15.1,41.6,40.3,42.6,
36029,"Erie County, New York",919866,444893,474973,5.3,79.2,16.3,40.4,38.6,42.5,
36045,"Jefferson County, New York",119504,63273,56231,8.8,75,11.7,31.4,29.1,33.7,
36047,"Kings County, New York",2592149,1228955,1363194,7.4,76.7,12,34.4,32.7,35.9,
36051,"Livingston County, New York",64705,33015,31690,5,81,15.3,39.6,39.3,39.9,
36053,"Madison County, New York",72382,35733,36649,4.3,79.7,15.3,40.8,39.7,41.4,
36055,"Monroe County, New York",749606,362229,387377,5.7,78.3,15,38.5,36.4,40.2,
36059,"Nassau County, New York",1352146,656074,696072,5.4,77.7,16.2,41.5,39.6,43.2,
36061,"New York County, New York",1626159,767797,858362,5.2,85.3,14.2,36.7,36,37.2,
36063,"Niagara County, New York",214249,104322,109927,5.2,79.5,16.8,42.5,41,43.7,
36065,"Oneida County, New York",233585,116384,117201,5.4,78.8,17.1,41,39.3,42.9,
36067,"Onondaga County, New York",468387,226077,242310,5.8,78,15,38.8,36.8,40.2,
36069,"Ontario County, New York",109103,52513,56590,5.2,78.8,16.9,42.7,42.7,42.7,
36071,"Orange County, New York",375592,187696,187896,6.6,73.7,12.1,36.7,34.8,38.6,
36075,"Oswego County, New York",121165,60589,60576,5.5,78.2,14,39.1,38.9,39.3,
36079,"Putnam County, New York",99645,50034,49611,4.7,78.1,14.1,42.1,40.7,44,
36081,"Queens County, New York",2296175,1115860,1180315,6.2,79.6,13.4,37.7,36.1,39.3,
36083,"Rensselaer County, New York",159918,79457,80461,5.4,79.6,14.7,40.1,37.4,42.1,
36085,"Richmond County, New York",472621,228464,244157,5.9,77.5,14.1,39.6,37.8,41.3,
36087,"Rockland County, New York",320903,157422,163481,7.6,72.2,14.6,36.1,34.5,37.9,
36089,"St. Lawrence County, New York",111963,56605,55358,5.4,79.3,14.9,37,36,38.8,
36091,"Saratoga County, New York",223865,110438,113427,5.1,78.5,15.2,41.9,41,42.9,
36093,"Schenectady County, New York",155333,73937,81396,5.9,77.9,15.1,39.1,38.2,39.7,
36101,"Steuben County, New York",98650,48660,49990,5.6,77.5,16.9,42.3,40.9,43,
36103,"Suffolk County, New York",1499738,738418,761320,5.4,77.4,14.9,40.8,39.3,42.3,
36105,"Sullivan County, New York",76665,40493,36172,5.6,78.2,15.8,41.6,41.2,42.3,
36109,"Tompkins County, New York",103617,51111,52506,4.2,83.8,12,30.1,28.4,32.1,
36111,"Ulster County, New York",180998,89760,91238,4.4,81.1,16.3,43.6,42.7,45,
36113,"Warren County, New York",65337,32127,33210,4.9,80.7,19.2,46.1,44.5,47.3,
36117,"Wayne County, New York",92473,45688,46785,5.4,77.4,15.9,43.7,42.7,44.3,
36119,"Westchester County, New York",968802,468193,500609,5.7,76.9,15.4,40.4,38.4,42,
37001,"Alamance County, North Carolina",154378,73467,80911,5.8,77.2,15.9,39.8,38.8,41.5,
37019,"Brunswick County, North Carolina",115301,55808,59493,4.7,82.3,25.7,49.9,48.6,51.5,
37021,"Buncombe County, North Carolina",247912,120520,127392,5.3,80.2,17.4,41.2,38.9,43.5,
37023,"Burke County, North Carolina",89842,44089,45753,5.2,79.7,17.1,42.6,40.1,44.3,
37025,"Cabarrus County, North Carolina",187226,90974,96252,6.5,73.5,12.6,37.3,35.7,38.7,
37027,"Caldwell County, North Carolina",81990,39816,42174,4.5,78.7,17.1,43.2,42.7,43.6,
37031,"Carteret County, North Carolina",68434,33935,34499,4.9,81.4,21.2,46.5,43.7,48.6,
37035,"Catawba County, North Carolina",154810,76006,78804,5.1,76.9,15.6,40.8,38.5,41.8,
37037,"Chatham County, North Carolina",66817,32202,34615,4.8,79.7,22.6,46,43.3,48.3,
37045,"Cleveland County, North Carolina",97047,46692,50355,5.6,77.3,16.5,41.1,39.1,42.3,
37049,"Craven County, North Carolina",104489,53074,51415,7.9,77.3,16.6,36.1,31.4,39.4,
37051,"Cumberland County, North Carolina",325871,159110,166761,8.1,74,10.4,31,29.5,33,
37057,"Davidson County, North Carolina",163420,79800,83620,5.4,77.3,16.3,40.7,39.6,42.4,
37063,"Durham County, North Carolina",288133,137911,150222,7.1,77.9,10.6,34.2,33.1,35,
37067,"Forsyth County, North Carolina",361220,171381,189839,6.5,76.1,14,38.1,36.4,39.9,
37071,"Gaston County, North Carolina",209420,101078,108342,6.2,76.7,14.8,39.5,37.9,40.9,
37081,"Guilford County, North Carolina",506610,241178,265432,6.1,77.1,13.3,37.2,35.5,38.2,
37085,"Harnett County, North Carolina",124987,61395,63592,7.7,72.3,10.7,33.3,33,34.1,
37089,"Henderson County, North Carolina",109540,53356,56184,4.6,80.3,23.3,45.9,42.9,48.3,
37097,"Iredell County, North Carolina",164517,82865,81652,5.3,75.7,14.4,39.8,37.6,41.6,
37101,"Johnston County, North Carolina",177967,87137,90830,6.8,73.2,11.7,37.5,36.3,39,
37109,"Lincoln County, North Carolina",79740,39538,40202,5.8,77.6,15.5,42.1,41.3,43.1,
37119,"Mecklenburg County, North Carolina",990977,477491,513486,7.1,75.2,9.7,34.5,33.2,35.6,
37125,"Moore County, North Carolina",91587,43923,47664,4.9,78.7,24.2,45.3,44.1,47.2,
37127,"Nash County, North Carolina",95093,45629,49464,5.7,77.4,15.9,40.9,39.5,42.4,
37129,"New Hanover County, North Carolina",213267,102370,110897,5.1,80.4,15.2,37.8,36.1,39,
37133,"Onslow County, North Carolina",185220,101010,84210,9.8,74.4,7.9,26,24.6,29,
37135,"Orange County, North Carolina",140352,66028,74324,4.8,79.7,10.8,33.1,32.4,33.6,
37147,"Pitt County, North Carolina",174263,82811,91452,6.4,78,11,31.9,29.9,33.1,
37151,"Randolph County, North Carolina",142577,70443,72134,5.9,76.4,15.8,40.6,38.8,41.8,
37155,"Robeson County, North Carolina",134841,64835,70006,7.2,73.9,12.5,35.1,34.1,35.6,
37157,"Rockingham County, North Carolina",91878,44518,47360,5.2,79,18.4,43.7,41.9,44.9,
37159,"Rowan County, North Carolina",138323,68947,69376,5.6,77,15.5,40.3,38.5,41.9,
37161,"Rutherford County, North Carolina",66956,32776,34180,4.4,78.6,18.9,44,43,45.9,
37171,"Surry County, North Carolina",73050,35876,37174,5.4,77.6,18.6,43.5,40,44.8,
37179,"Union County, North Carolina",212756,104843,107913,6.2,70.8,10.7,37,36.1,38.1,
37183,"Wake County, North Carolina",974289,474726,499563,6.7,74.7,9.7,35.2,34.3,36.2,
37191,"Wayne County, North Carolina",124583,60820,63763,6.9,75.3,13.8,36.2,33.1,37.9,
37193,"Wilkes County, North Carolina",69023,33789,35234,5.4,78.6,19.5,43.5,42.1,45.4,
37195,"Wilson County, North Carolina",81667,39784,41883,6.4,76.2,16,41,38.4,42.3,
38015,"Burleigh County, North Dakota",88457,43940,44517,6.3,77.5,14,36.2,35,37.3,
38017,"Cass County, North Dakota",162829,82649,80180,6.8,78.2,10.4,31.5,30.6,32.2,
38035,"Grand Forks County, North Dakota",69179,35851,33328,6.7,80.2,10.9,29.1,28,30,
38101,"Ward County, North Dakota",67990,35979,32011,7.4,77.7,11.6,32,29.6,34.4,
39003,"Allen County, Ohio",105298,52735,52563,6.5,76.7,15.7,37.7,36.4,39.7,
39007,"Ashtabula County, Ohio",99811,49179,50632,6.3,77.3,16.8,42.3,41.4,42.9,
39013,"Belmont County, Ohio",69571,35449,34122,4.8,80.8,18.3,43.9,40.7,46.5,
39017,"Butler County, Ohio",371272,181766,189506,6.3,75.6,12.8,36.5,35.2,37.8,
39023,"Clark County, Ohio",136167,66002,70165,5.9,77.1,17.5,41.8,40.7,43,
39025,"Clermont County, Ohio",200218,99170,101048,5.9,75.4,13.5,40.5,38.9,41.4,
39029,"Columbiana County, Ohio",105893,52563,53330,5.5,79,17.7,42.8,41.4,44.6,
39035,"Cuyahoga County, Ohio",1263154,600822,662332,5.8,78.3,16.2,40.7,38.5,42.4,
39041,"Delaware County, Ohio",184979,91579,93400,6.1,71.8,10.9,37.8,37.9,37.8,
39043,"Erie County, Ohio",76048,36974,39074,5.2,78.9,18.7,44.6,43.6,45.8,
39045,"Fairfield County, Ohio",148867,73841,75026,6,75.1,14,39.2,38,41.2,
39049,"Franklin County, Ohio",1212263,590699,621564,7.2,76.3,10.6,33.9,32.8,34.8,
39055,"Geauga County, Ohio",93972,46039,47933,5,75.5,17.6,43.5,42.4,44.4,
39057,"Greene County, Ohio",163204,79162,84042,5.4,79.1,15.6,37.9,36.2,39.8,
39061,"Hamilton County, Ohio",804520,386726,417794,6.6,76.7,13.9,37.4,35.6,39.2,
39063,"Hancock County, Ohio",75773,38184,37589,6.9,76.5,15.1,37.4,36.4,38.6,
39081,"Jefferson County, Ohio",67964,32540,35424,4.8,80.4,19.4,44.1,42.4,44.8,
39085,"Lake County, Ohio",229857,112541,117316,4.8,78.7,17.4,42.7,41.3,44.4,
39089,"Licking County, Ohio",168375,82150,86225,6.3,76.1,14.8,40.3,40.2,40.5,
39093,"Lorain County, Ohio",302827,149037,153790,5.7,77,15.8,41.2,39.3,42.4,
39095,"Lucas County, Ohio",436393,211483,224910,6.3,76.8,14.2,37.8,36,39.4,
39099,"Mahoning County, Ohio",233869,113436,120433,5,79.3,18.8,43.3,41.5,45.3,
39101,"Marion County, Ohio",65905,35447,30458,5.9,79.1,15.5,40.1,38.9,42.3,
39103,"Medina County, Ohio",174915,85838,89077,5.4,76,14.9,41.6,40.2,42.3,
39109,"Miami County, Ohio",103439,50258,53181,5.6,77,16.7,40.9,40.1,42.2,
39113,"Montgomery County, Ohio",535846,257521,278325,6.1,77.6,16.2,39,37.4,40.7,
39119,"Muskingum County, Ohio",85231,41701,43530,5.8,76.4,16.3,40.9,38.2,42.8,
39133,"Portage County, Ohio",163862,79854,84008,4.6,80.8,13.9,37,37,36.9,
39139,"Richland County, Ohio",121773,61436,60337,5.5,78.3,17.7,41,38.9,42.6,
39141,"Ross County, Ohio",77910,40516,37394,5.4,78,14.3,39.6,38.8,41.5,
39145,"Scioto County, Ohio",78153,39085,39068,5.6,77.9,16.6,39.5,37,41,
39151,"Stark County, Ohio",375432,182158,193274,5.5,77.9,17.4,41.6,40.3,42.9,
39153,"Summit County, Ohio",541824,262750,279074,5.7,78.2,15.8,40.8,39.4,42.4,
39155,"Trumbull County, Ohio",206442,100140,106302,5.1,78.8,18.8,43.7,42.3,45.3,
39157,"Tuscarawas County, Ohio",92672,45506,47166,5.4,77,17.7,40.9,39.5,42.2,
39165,"Warren County, Ohio",219169,110424,108745,6.2,73.7,12.6,39.3,38,40.4,
39169,"Wayne County, Ohio",115071,56792,58279,6.7,75.2,15.8,39.1,37.6,41.1,
39173,"Wood County, Ohio",129264,63136,66128,5.8,79.1,13.1,34.6,33,35.4,
40017,"Canadian County, Oklahoma",126123,62829,63294,6.7,73.4,11.6,35.7,33.9,37.4,
40027,"Cleveland County, Oklahoma",269340,134333,135007,6,77.4,11.4,32.8,31.8,34.2,
40031,"Comanche County, Oklahoma",124937,65330,59607,7.7,75.4,10.8,31.4,30.2,33.4,
40037,"Creek County, Oklahoma",70470,34892,35578,5.9,75.8,16.6,41.2,39.2,42.1,
40101,"Muskogee County, Oklahoma",70303,34155,36148,6.7,75.4,15,37.1,35.9,38.5,
40109,"Oklahoma County, Oklahoma",755245,370088,385157,7.8,74.5,12.4,34.2,33,35.5,
40119,"Payne County, Oklahoma",79066,40214,38852,5.5,79.7,11.2,27.2,26.7,27.7,
40125,"Pottawatomie County, Oklahoma",71158,34009,37149,6.6,75.6,15.1,38,37.2,38.5,
40131,"Rogers County, Oklahoma",89044,44121,44923,5.7,75.3,14.9,38.2,37.6,39,
40143,"Tulsa County, Oklahoma",622409,303416,318993,7.4,74.5,12.7,35.4,34.4,36.9,
40145,"Wagoner County, Oklahoma",75700,37554,38146,6.2,74.3,14.3,37.6,36.5,38.9,
41003,"Benton County, Oregon",86591,43264,43327,3.8,82.8,13.8,32.9,30.8,34.9,
41005,"Clackamas County, Oregon",388263,193027,195236,5.3,77.5,15.6,41.4,40,42.7,
41017,"Deschutes County, Oregon",165954,83560,82394,5.4,78.3,17.2,42.3,40.8,43.6,
41019,"Douglas County, Oregon",106940,52384,54556,5.3,80.1,22.7,46.6,45.3,47.6,
41029,"Jackson County, Oregon",208545,101732,106813,6.2,78.6,19.2,43.5,42.8,44.2,
41033,"Josephine County, Oregon",83306,39745,43561,4.5,80.1,24.2,48,46.7,49.6,
41035,"Klamath County, Oregon",65910,33188,32722,5.3,78.2,18.4,42.9,42.4,43.3,
41039,"Lane County, Oregon",356212,174637,181575,4.8,80.8,16.8,39.3,37.7,41.5,
41043,"Linn County, Oregon",118765,58803,59962,6.2,76.4,16.4,39.6,38.8,40.3,
41047,"Marion County, Oregon",323614,161670,161944,6.9,74.4,13.9,35.5,34.5,37.3,
41051,"Multnomah County, Oregon",766135,378647,387488,6,80.1,11.6,36.5,36,37.3,
41053,"Polk County, Oregon",76794,36880,39914,5.1,76.5,15.5,37.9,33.5,39.4,
41059,"Umatilla County, Oregon",76720,40357,36363,7.3,74.1,13.6,35.9,35.2,36.6,
41067,"Washington County, Oregon",554996,272944,282052,6.6,75.4,11.4,36,35.3,36.8,
41071,"Yamhill County, Oregon",100725,50933,49792,5.8,76.4,14.9,38.5,37.8,39.1,
42001,"Adams County, Pennsylvania",101546,50481,51065,5.7,78.9,17.6,42.6,42,43.7,
42003,"Allegheny County, Pennsylvania",1231527,592329,639198,5.2,80.8,17.1,40.8,38.5,43,
42005,"Armstrong County, Pennsylvania",68107,34030,34077,5,80.1,19.7,45.7,44.3,46.5,
42007,"Beaver County, Pennsylvania",170115,81824,88291,5,80.2,19.5,45,43,46.5,
42011,"Berks County, Pennsylvania",413521,203410,210111,5.9,77.1,15.6,39.9,38.8,41.2,
42013,"Blair County, Pennsylvania",126314,61226,65088,5.3,79.8,19.1,43.1,41.6,44.3,
42017,"Bucks County, Pennsylvania",626976,307253,319723,5.1,78.2,16.2,42.6,41.4,43.9,
42019,"Butler County, Pennsylvania",185476,92014,93462,4.9,79,16.6,43,42.2,43.7,
42021,"Cambria County, Pennsylvania",140499,69683,70816,4.8,80.9,19.7,44.4,42.3,46.4,
42025,"Carbon County, Pennsylvania",64786,31659,33127,4.6,79.9,19.4,45,44.9,45,
42027,"Centre County, Pennsylvania",155403,80265,75138,3.5,84.7,12.5,30.2,29.2,31.4,
42029,"Chester County, Pennsylvania",509468,250953,258515,5.8,76.3,14.1,40.3,39,41.5,
42033,"Clearfield County, Pennsylvania",81174,41976,39198,4.9,80.9,18.6,43.4,42.2,45.4,
42037,"Columbia County, Pennsylvania",66797,31943,34854,4.6,81.3,17,39.7,39.3,40.4,
42039,"Crawford County, Pennsylvania",87376,42611,44765,5.4,78.3,17.7,42.4,40.6,43.4,
42041,"Cumberland County, Pennsylvania",241212,118071,123141,5.4,79.7,16.6,40.8,39.9,42,
42043,"Dauphin County, Pennsylvania",270937,131151,139786,6.2,77.5,14.5,39.2,37.9,40.8,
42045,"Delaware County, Pennsylvania",561973,269939,292034,6.1,77.4,14.8,38.7,36.9,40.4,
42049,"Erie County, Pennsylvania",280294,137940,142354,5.8,78.2,15.3,38.7,37.5,39.7,
42051,"Fayette County, Pennsylvania",134999,66088,68911,5,80.1,18.9,44.1,42.3,45.8,
42055,"Franklin County, Pennsylvania",152085,74893,77192,6,76.6,17.7,41,39.8,42.3,
42063,"Indiana County, Pennsylvania",87745,44268,43477,4.8,81.8,16.7,39.8,37,41.8,
42069,"Lackawanna County, Pennsylvania",213931,103135,110796,5.3,79.9,18.4,42,40.1,43.5,
42071,"Lancaster County, Pennsylvania",529600,257800,271800,6.6,75.7,16.1,38.7,37.5,39.6,
42073,"Lawrence County, Pennsylvania",89333,43153,46180,4.6,79.7,19.7,44.7,42.2,46.3,
42075,"Lebanon County, Pennsylvania",135486,66201,69285,6.2,77.2,18.1,41.5,41.2,41.9,
42077,"Lehigh County, Pennsylvania",355092,173263,181829,5.8,77.2,15.7,40,38.5,41.1,
42079,"Luzerne County, Pennsylvania",320103,157818,162285,5,80.3,18.8,43,40.9,44.6,
42081,"Lycoming County, Pennsylvania",116754,57862,58892,5.6,79.6,17.2,40.5,38,42.4,
42085,"Mercer County, Pennsylvania",115195,57197,57998,4.7,79.8,19.5,43.9,42,46.4,
42089,"Monroe County, Pennsylvania",167148,83484,83664,4.4,78.5,14.5,42,40.2,43.1,
42091,"Montgomery County, Pennsylvania",812376,394656,417720,5.7,77.8,16.1,41.2,39.8,42.5,
42095,"Northampton County, Pennsylvania",299791,146818,152973,5,79.3,16.8,41.6,39.2,43,
42097,"Northumberland County, Pennsylvania",94076,47625,46451,5.3,80,19.4,43.8,41.6,46.4,
42101,"Philadelphia County, Pennsylvania",1553165,734249,818916,7,77.8,12.4,33.7,32.2,35.2,
42107,"Schuylkill County, Pennsylvania",146920,75158,71762,4.8,80.5,18.7,43.8,41.5,45.6,
42111,"Somerset County, Pennsylvania",76520,39347,37173,4.5,81.4,20.2,45.5,43.9,47.6,
42125,"Washington County, Pennsylvania",208206,101976,106230,4.9,80,18.5,44.3,43.2,45.5,
42129,"Westmoreland County, Pennsylvania",362437,177014,185423,4.6,81,20.2,46.1,44.3,47.3,
42133,"York County, Pennsylvania",438965,217140,221825,5.7,77.4,15.5,40.8,39.7,42.2,
44003,"Kent County, Rhode Island",165035,80119,84916,4.5,80.7,17.3,43.7,41.7,45.6,
44005,"Newport County, Rhode Island",82397,41177,41220,4.2,82,18.7,44.6,42.9,46.1,
44007,"Providence County, Rhode Island",628600,305965,322635,5.8,78.8,14.1,37.3,35.4,39.4,
44009,"Washington County, Rhode Island",126259,61492,64767,4.2,81.5,17,43.1,41.8,44.4,
45003,"Aiken County, South Carolina",164176,80003,84173,6.3,77.9,16.9,39.9,37.7,42.4,
45007,"Anderson County, South Carolina",190641,92394,98247,6.1,76.6,16.8,40.8,39.2,42.5,
45013,"Beaufort County, South Carolina",171838,84934,86904,6.1,79.7,23.1,42.4,40.5,45.4,
45015,"Berkeley County, South Carolina",194020,96719,97301,7.2,75.5,11.6,35.5,33.8,37,
45019,"Charleston County, South Carolina",372803,179487,193316,6.1,79.7,14,36,35,37,
45031,"Darlington County, South Carolina",67935,32212,35723,6,76.9,15.9,40.9,39.5,42.2,
45035,"Dorchester County, South Carolina",145397,71549,73848,6.3,73.9,10.9,35.6,34.3,36.8,
45041,"Florence County, South Carolina",138326,65467,72859,6.4,75.8,14.3,37.7,36.2,39.1,
45045,"Greenville County, South Carolina",474266,230752,243514,6.5,76.3,13.9,37.8,36.8,38.6,
45047,"Greenwood County, South Carolina",69723,33076,36647,6.3,76.9,16.4,38.4,37.2,39.5,
45051,"Horry County, South Carolina",289650,141375,148275,5.4,80.4,19.5,42.6,41.3,44.2,
45057,"Lancaster County, South Carolina",80458,39181,41277,5.5,78,17.9,42.4,42.5,42.2,
45059,"Laurens County, South Carolina",66229,31872,34357,6.4,77.4,16.2,40.6,38.5,43.1,
45063,"Lexington County, South Carolina",273752,133037,140715,6.4,76.4,13.7,38.8,37.7,39.5,
45073,"Oconee County, South Carolina",75045,37193,37852,5.3,79.4,20.9,43,41.7,44.4,
45075,"Orangeburg County, South Carolina",90942,43439,47503,6.2,77.5,16.5,38.6,35.7,41.1,
45077,"Pickens County, South Carolina",119829,59597,60232,4.6,80.6,14.8,35.9,33.3,39.5,
45079,"Richland County, South Carolina",399256,193911,205345,6,77.9,10.8,32.6,31.1,34.3,
45083,"Spartanburg County, South Carolina",290969,139966,151003,6.4,76.2,14.6,38.3,37.3,38.7,
45085,"Sumter County, South Carolina",108123,52214,55909,7.3,75.4,14.1,35.4,33.2,37.2,
45091,"York County, South Carolina",239363,114571,124792,6.4,75,12.7,38,37.4,38.5,
46099,"Minnehaha County, South Dakota",179640,90448,89192,7.5,75,11.9,34.8,33.6,35.9,
46103,"Pennington County, South Dakota",105761,53153,52608,6.2,76,14.7,36.9,35.9,38.5,
47001,"Anderson County, Tennessee",75542,36685,38857,5.4,78.3,18.7,42.4,40.4,44.2,
47009,"Blount County, Tennessee",125099,60436,64663,5.3,78.6,17.7,41.6,40.2,42.9,
47011,"Bradley County, Tennessee",101848,50332,51516,5.7,77.3,15.4,38.2,36,40.9,
47037,"Davidson County, Tennessee",658602,318579,340023,7,78.4,10.8,34.2,33.7,34.9,
47059,"Greene County, Tennessee",68267,33191,35076,4.5,79.6,19.1,43.8,43.4,44.2,
47065,"Hamilton County, Tennessee",348673,168366,180307,6.2,78.6,15.6,39.4,37.2,40.8,
47093,"Knox County, Tennessee",444622,215837,228785,5.8,78.6,14.1,37.4,35.6,39.1,
47113,"Madison County, Tennessee",98733,46989,51744,6.6,76.8,14.4,37.6,36.8,38.9,
47119,"Maury County, Tennessee",83761,40216,43545,7,76.2,14.2,38.3,37.4,39.5,
47125,"Montgomery County, Tennessee",184119,91536,92583,8.7,72.8,8.3,30.4,29.9,31,
47141,"Putnam County, Tennessee",73525,35241,38284,5.7,78.6,15.4,35.4,34.6,36.2,
47147,"Robertson County, Tennessee",67383,33871,33512,6.5,74.5,12.8,37.9,36.6,39,
47149,"Rutherford County, Tennessee",281029,138501,142528,6.7,74.7,9.2,32.7,32,33.6,
47155,"Sevier County, Tennessee",93570,45707,47863,5.8,78.3,17,41.4,40.6,42,
47157,"Shelby County, Tennessee",939465,448118,491347,7.2,74.4,11.2,34.8,33.1,36.5,
47163,"Sullivan County, Tennessee",156595,75516,81079,4.8,80,20.1,44.6,43.9,46,
47165,"Sumner County, Tennessee",168888,83402,85486,6.2,75.8,14.5,39.6,37.7,41.2,
47179,"Washington County, Tennessee",125546,61711,63835,5.1,80.3,16.4,40.3,39.6,40.7,
47187,"Williamson County, Tennessee",198901,96774,102127,5.7,71.5,11.1,38.1,37.6,38.8,
47189,"Wilson County, Tennessee",121945,60768,61177,5.7,75.8,13.8,40,39.3,41.3,
48005,"Angelina County, Texas",87441,42980,44461,7,73.5,14.7,36.9,35.4,39,
48021,"Bastrop County, Texas",75825,38728,37097,6.2,74.4,13.4,39,38.7,39.5,
48027,"Bell County, Texas",326843,164376,162467,8.7,72.3,9.6,30.2,28.7,31.3,
48029,"Bexar County, Texas",1817610,895029,922581,7.3,73.7,11,33.2,31.9,34.5,
48037,"Bowie County, Texas",93487,47219,46268,6.9,76.1,15,36.6,35.2,38.5,
48039,"Brazoria County, Texas",330242,167263,162979,7,73,10.6,35.5,34.9,35.8,
48041,"Brazos County, Texas",203164,103785,99379,6.3,79.4,8.1,25.2,24.8,25.8,
48061,"Cameron County, Texas",417276,202161,215115,8.7,68,11.9,31.3,29.2,33.2,
48085,"Collin County, Texas",854778,420175,434603,6.7,72.4,9.2,36,35.2,36.7,
48091,"Comal County, Texas",118480,59206,59274,5.4,77.1,16.8,41.9,39.7,43,
48099,"Coryell County, Texas",76192,38119,38073,7.2,75.3,7.8,31.2,28.9,32.9,
48113,"Dallas County, Texas",2480331,1226412,1253919,7.8,72.9,9.5,33.1,32.3,33.9,
48121,"Denton County, Texas",728799,359209,369590,6.8,73.5,8.3,34.2,33.5,34.8,
48135,"Ector County, Texas",149378,75905,73473,9,70.4,9.6,30.6,30,31.3,
48139,"Ellis County, Texas",155976,77171,78805,6.1,72.6,10.9,36.1,34,37,
48141,"El Paso County, Texas",827718,406264,421454,8.2,71.1,10.9,31.5,29.6,33.3,
48157,"Fort Bend County, Texas",652365,321015,331350,6.9,71.6,8.9,35.4,34.5,36.1,
48167,"Galveston County, Texas",306782,152642,154140,6.4,75,12.4,37.7,35.9,39.4,
48181,"Grayson County, Texas",122353,59928,62425,6,76.5,17.1,40.7,37.6,41.9,
48183,"Gregg County, Texas",123024,60744,62280,7.8,74,14.1,35.5,34,37.5,
48187,"Guadalupe County, Texas",143183,71529,71654,6.3,73.4,12.4,36.6,34.8,38.1,
48201,"Harris County, Texas",4336853,2161950,2174903,7.9,72.6,9,32.6,32,33.3,
48203,"Harrison County, Texas",66886,33279,33607,6.7,74.7,13.8,37.4,35.4,39.2,
48209,"Hays County, Texas",176026,86964,89062,6.1,76,9.8,31.2,31.4,31,
48213,"Henderson County, Texas",78675,38622,40053,5.1,77.9,20.4,43.8,41.7,44.9,
48215,"Hidalgo County, Texas",815996,399188,416808,9.6,66,10,28.5,27.1,30,
48231,"Hunt County, Texas",87048,41635,45413,6.1,76,14.8,39,38.9,39.1,
48245,"Jefferson County, Texas",252358,128709,123649,6.7,76.3,13,35.8,35.1,36.9,
48251,"Johnson County, Texas",154707,77294,77413,6.7,73.5,13.5,36.7,35.1,38.4,
48257,"Kaufman County, Texas",108568,53397,55171,7,72,11.8,36,35.1,36.4,
48291,"Liberty County, Texas",76907,37159,39748,7.1,75,13.1,37.1,38.7,36.5,
48303,"Lubbock County, Texas",289324,143075,146249,6.8,75.8,11.7,30.8,29.1,32.1,
48309,"McLennan County, Texas",241481,117877,123604,6.9,75.4,13.1,33.2,31.6,34.6,
48329,"Midland County, Texas",151468,75953,75515,8.1,72.5,10.2,32.3,30.7,33.8,
48339,"Montgomery County, Texas",499137,246540,252597,6.8,73,11.6,36.4,36.1,36.8,
48347,"Nacogdoches County, Texas",65330,30876,34454,7.2,76.6,13.1,30.3,30,30.7,
48355,"Nueces County, Texas",352107,173379,178728,6.7,74.6,12.7,34.8,33.9,36,
48361,"Orange County, Texas",82957,40980,41977,5.8,75.6,14.1,38.7,36.8,40.6,
48367,"Parker County, Texas",121418,60229,61189,6.2,75.3,14.1,38.8,38.5,39,
48375,"Potter County, Texas",121661,62526,59135,8.1,72.5,11.4,33.5,33,34.2,
48381,"Randall County, Texas",126474,61444,65030,6.4,75.4,13.3,35.1,33.5,36.4,
48397,"Rockwall County, Texas",85245,41650,43595,7.1,71.7,11.3,36.4,36.5,36.3,
48409,"San Patricio County, Texas",66137,32582,33555,7.6,72.5,14.1,35.2,34.1,37,
48423,"Smith County, Texas",216080,103268,112812,7.1,74.9,15.2,36.2,35,37.3,
48439,"Tarrant County, Texas",1911541,938483,973058,7.4,72.7,9.9,33.8,33,34.8,
48441,"Taylor County, Texas",134117,65581,68536,7,75.6,13.7,31.7,30.6,33.3,
48451,"Tom Green County, Texas",114954,56754,58200,6.8,76.5,14.5,34.3,32.6,35.4,
48453,"Travis County, Texas",1120954,565543,555411,7,76.7,8.1,32.8,32.4,33.3,
48469,"Victoria County, Texas",90028,44440,45588,7.3,73.9,14.2,36,34.5,37.3,
48471,"Walker County, Texas",68817,41040,27777,3.3,84.2,11,35.6,37.2,33.4,
48479,"Webb County, Texas",262495,128943,133552,9.9,65.7,8.4,28.4,26.9,29.7,
48485,"Wichita County, Texas",132047,68605,63442,6.5,77,13.4,34,31.4,36.6,
48491,"Williamson County, Texas",471014,231835,239179,7,72.4,10.4,35.2,34.6,35.6,
49005,"Cache County, Utah",116909,58245,58664,9.2,68.9,8.2,25.2,25.6,24.9,
49011,"Davis County, Utah",322094,161687,160407,9.5,66.4,8.8,30.2,29.3,30.7,
49035,"Salt Lake County, Utah",1079721,542836,536885,8.1,71.5,9.4,31.8,31.4,32.3,
49049,"Utah County, Utah",551891,277648,274243,10.4,65,6.9,24.3,24.2,24.6,
49053,"Washington County, Utah",147800,73083,74717,7.9,70.8,19,34.3,33.5,35.3,
49057,"Weber County, Utah",238519,119390,119129,8.2,70.6,10.9,32.2,31.5,32.7,
50007,"Chittenden County, Vermont",159515,78084,81431,5,81.2,12.7,36.4,35.7,36.9,
51003,"Albemarle County, Virginia",103000,49272,53728,5.5,78.9,15.8,39,38.5,39.2,
51013,"Arlington County, Virginia",224906,111593,113313,6,83.4,9.4,33.8,34,33.6,
51015,"Augusta County, Virginia",73912,37499,36413,4.6,80,18.5,44.1,42.5,45.5,
51019,"Bedford County, Virginia",69825,34655,35170,5,78.4,18.5,45.5,45.3,45.9,
51041,"Chesterfield County, Virginia",327745,156893,170852,6,75.2,12.2,38.5,37.7,39.4,
51059,"Fairfax County, Virginia",1130924,560120,570804,6.7,76,11.1,37.3,36.4,38.2,
51061,"Fauquier County, Virginia",67207,33434,33773,5.1,75.8,14.8,41.3,40.1,42.1,
51069,"Frederick County, Virginia",81319,40389,40930,6.5,76.2,14.8,39.9,39.3,40.6,
51085,"Hanover County, Virginia",101330,49362,51968,4.8,76.8,15,41.6,39.8,42.9,
51087,"Henrico County, Virginia",318611,149833,168778,6.3,76.3,13.5,37.8,36.4,39.1,
51095,"James City County, Virginia",70516,34131,36385,4.9,79.1,22.6,44.5,43.9,45.1,
51107,"Loudoun County, Virginia",349679,174109,175570,7.9,70.2,7.4,35.2,34.7,35.6,
51121,"Montgomery County, Virginia",96207,48580,47627,4.8,84.2,10.3,26.8,25.7,28.2,
51153,"Prince William County, Virginia",438580,218627,219953,8,71.6,7.9,33.7,33,34.5,
51161,"Roanoke County, Virginia",93524,44155,49369,4.9,79,19.2,44,42.9,45.3,
51165,"Rockingham County, Virginia",77741,38693,39048,5.7,77.2,17.6,41.8,39.4,43.6,
51177,"Spotsylvania County, Virginia",127348,61744,65604,6.1,73.9,11.4,36.3,35.6,37.2,
51179,"Stafford County, Virginia",136788,69325,67463,6.3,73,8.4,35,33.6,35.9,
51199,"York County, Virginia",66269,32371,33898,5.3,75.6,13.9,39.2,36.8,41,
51510,"Alexandria city, Virginia",148892,71874,77018,7.5,82.3,9.5,36,35.9,36.1,
51550,"Chesapeake city, Virginia",230571,113137,117434,6.3,75.4,11.6,36.6,34.9,38.4,
51650,"Hampton city, Virginia",136699,66193,70506,6,78.2,12.9,35,32.8,36.5,
51680,"Lynchburg city, Virginia",78014,36475,41539,5.9,79.7,13.9,29.1,27.9,30.3,
51700,"Newport News city, Virginia",182020,88530,93490,7.4,76.3,11.5,32.8,31,34.3,
51710,"Norfolk city, Virginia",246139,129237,116902,6.7,79.6,9.7,30,28.2,32.2,
51740,"Portsmouth city, Virginia",96205,47371,48834,7.4,76.5,13.6,35,32.7,36.8,
51760,"Richmond city, Virginia",214114,102030,112084,6.5,81.5,11.2,32.8,32.1,33.4,
51770,"Roanoke city, Virginia",98465,47211,51254,7.1,77.9,14.4,37.5,36,40,
51800,"Suffolk city, Virginia",85728,41098,44630,6.4,74.8,12.4,38.3,36.8,39.2,
51810,"Virginia Beach city, Virginia",448479,220447,228032,6.7,76.9,11.8,35,33.6,37.2,
53005,"Benton County, Washington",184486,92668,91818,7.2,73.1,12.8,35.3,34.1,36.1,
53007,"Chelan County, Washington",73967,35763,38204,6.9,76,16.6,39.2,38.3,40.7,
53009,"Clallam County, Washington",72312,36406,35906,4.4,82.2,26.8,50.3,47.6,53,
53011,"Clark County, Washington",443817,220284,223533,6.5,74.4,13.1,37.3,36.5,38.5,
53015,"Cowlitz County, Washington",101860,49587,52273,5.7,77.1,17.8,40.5,40.8,40.3,
53021,"Franklin County, Washington",86638,44774,41864,10,65.3,8.8,28.9,30,28.3,
53025,"Grant County, Washington",91878,46324,45554,8.5,69.5,12.3,32.5,32.4,32.5,
53027,"Grays Harbor County, Washington",71078,36317,34761,4.9,79.4,18.3,42.3,39.6,44.8,
53029,"Island County, Washington",78801,38954,39847,5.9,80.7,21.4,44.1,41.7,47.2,
53033,"King County, Washington",2044449,1020603,1023846,6.2,78.9,11.9,37.2,36.4,38,
53035,"Kitsap County, Washington",253968,128302,125666,5.7,78.8,15.1,39,36.5,41.8,
53041,"Lewis County, Washington",75081,37160,37921,5.7,77.9,19.2,41.7,40.5,43.4,
53053,"Pierce County, Washington",819743,407494,412249,6.9,75.8,12.3,35.8,34.6,36.9,
53057,"Skagit County, Washington",118837,58822,60015,6.2,77.4,18.3,40.7,39.6,42.2,
53061,"Snohomish County, Washington",745913,373570,372343,6.3,76.6,11.7,37.5,36.6,38.7,
53063,"Spokane County, Washington",479398,237497,241901,6.2,77.4,14.2,37.2,36.1,38.7,
53067,"Thurston County, Washington",262388,127893,134495,6,77.7,14.6,38.3,37.4,39.6,
53073,"Whatcom County, Washington",206353,101656,104697,5.7,79.6,14.7,36.2,35.1,37.3,
53077,"Yakima County, Washington",247044,123884,123160,8.4,70,12.5,32.7,31.4,33.8,
54003,"Berkeley County, West Virginia",108706,53381,55325,6.2,76,12.6,38.7,40,38.4,
54011,"Cabell County, West Virginia",97133,47530,49603,5.7,80,16.9,38.3,36.4,40.3,
54033,"Harrison County, West Virginia",68972,33867,35105,5.5,78.3,17.3,41.4,39.7,42.8,
54039,"Kanawha County, West Virginia",191275,91466,99809,5.7,79.5,17.6,42.4,40.2,44.1,
54061,"Monongalia County, West Virginia",102274,52182,50092,5.1,83.6,10.5,29.5,28.5,30.7,
54081,"Raleigh County, West Virginia",78833,39527,39306,6.2,78.8,17.3,40.8,39,43.1,
54107,"Wood County, West Virginia",86569,41923,44646,5.8,78.3,18.4,42.3,40.6,44.3,
55009,"Brown County, Wisconsin",254586,128717,125869,6.8,75.6,12.4,36.7,35.2,38.1,
55025,"Dane County, Wisconsin",509939,252913,257026,6,78.8,11.5,34.6,33.5,35.8,
55027,"Dodge County, Wisconsin",88344,45886,42458,4.8,79.1,16.1,42,40.4,43.4,
55035,"Eau Claire County, Wisconsin",101438,49211,52227,6.5,78.7,13.3,33.9,33.6,34.1,
55039,"Fond du Lac County, Wisconsin",101798,49975,51823,5.6,78.1,16.4,40.7,39.3,41.8,
55055,"Jefferson County, Wisconsin",84509,42088,42421,5.6,77.1,14.3,39,38.8,39.2,
55059,"Kenosha County, Wisconsin",167757,83372,84385,6,75.4,12.1,37,35.4,38.2,
55063,"La Crosse County, Wisconsin",116713,57460,59253,5.4,79.3,14.2,35.5,34.2,38.1,
55071,"Manitowoc County, Wisconsin",80654,39737,40917,5.4,78.7,18.2,44.8,44.3,45.5,
55073,"Marathon County, Wisconsin",135416,68146,67270,6.3,76.3,15.4,40.7,39,41.9,
55079,"Milwaukee County, Wisconsin",956023,461752,494271,7.2,75.5,11.9,34,33.1,35.2,
55087,"Outagamie County, Wisconsin",180345,89847,90498,6,75.7,12.8,38,36.8,39,
55089,"Ozaukee County, Wisconsin",87054,42825,44229,5.2,77.9,17.1,44.5,43.1,45.7,
55097,"Portage County, Wisconsin",70380,35438,34942,5.3,80,14.1,36.3,35.5,36.9,
55101,"Racine County, Wisconsin",195041,96662,98379,6.4,75.9,14.3,39.6,37.8,41.7,
55105,"Rock County, Wisconsin",160739,78001,82738,5.9,76,14.4,39.1,37.6,40.2,
55109,"St. Croix County, Wisconsin",85930,42667,43263,6.5,73.6,11.8,37.9,37.9,37.9,
55117,"Sheboygan County, Wisconsin",114922,57393,57529,5.5,76.8,16,41.6,40.6,42.7,
55127,"Walworth County, Wisconsin",102945,51823,51122,5.1,77.7,14.6,38.9,37.7,39.6,
55131,"Washington County, Wisconsin",132739,66276,66463,5.2,76.8,15.2,42,40.5,43.4,
55133,"Waukesha County, Wisconsin",393843,194757,199086,5.2,77.3,15.9,42.8,41.6,44.3,
55139,"Winnebago County, Wisconsin",169541,85285,84256,5.5,79,14.4,37.6,36.9,38.7,
55141,"Wood County, Wisconsin",73959,36854,37105,5.2,78.6,18,44.1,43.6,45.2,
56021,"Laramie County, Wyoming",95809,48453,47356,6.6,76.3,13.7,36.4,34.9,37.9,
56025,"Natrona County, Wyoming",80973,40915,40058,6.5,75.5,12.3,35.8,35.4,36.4,
