FIPS,County_State,Total,White,Black,AmInd_Alaska,Asian,PacIsl
1003,"Baldwin County, Alabama",208563,180484,18821,1383,914,0
1015,"Calhoun County, Alabama",114611,84357,24160,803,1064,0
1043,"Cullman County, Alabama",82471,79032,1052,633,763,0
1049,"DeKalb County, Alabama",70900,62139,1087,862,74,87
1055,"Etowah County, Alabama",102564,83159,16417,484,858,0
1069,"Houston County, Alabama",104056,71838,27762,443,1054,0
1073,"Jefferson County, Alabama",659521,340506,279979,1799,8366,323
1077,"Lauderdale County, Alabama",92318,80596,9513,132,720,60
1081,"Lee County, Alabama",158991,111185,37968,0,6648,63
1083,"Limestone County, Alabama",92753,76272,14066,599,364,0
1089,"Madison County, Alabama",356967,243688,87415,2547,8383,250
1095,"Marshall County, Alabama",95157,89605,2764,369,746,0
1097,"Mobile County, Alabama",414836,243284,148001,3328,8269,20
1101,"Montgomery County, Alabama",226349,81740,130006,339,5753,36
1103,"Morgan County, Alabama",119012,93591,14431,763,1076,0
1117,"Shelby County, Alabama",210622,168484,24066,211,4535,197
1121,"Talladega County, Alabama",80103,51823,26589,70,548,23
1125,"Tuscaloosa County, Alabama",206102,132006,66183,34,3413,0
2020,"Anchorage Municipality, Alaska",298192,184841,16102,23916,27142,7669
2090,"Fairbanks North Star Borough, Alaska",100605,75501,4385,7427,3875,503
2170,"Matanuska-Susitna Borough, Alaska",104365,86314,1019,5455,1083,141
4001,"Apache County, Arizona",73112,16162,112,53520,106,54
4003,"Cochise County, Arizona",125770,109899,5077,1875,2783,434
4005,"Coconino County, Arizona",140908,91167,2166,37010,2670,163
4013,"Maricopa County, Arizona",4242997,3227510,230642,82300,168720,9808
4015,"Mohave County, Arizona",205249,187492,1614,4870,2029,231
4017,"Navajo County, Arizona",110026,50543,755,49003,897,0
4019,"Pima County, Arizona",1016206,774608,34344,32670,28713,1550
4021,"Pinal County, Arizona",418540,337571,18679,21796,8568,1357
4025,"Yavapai County, Arizona",225562,209960,1130,3491,2368,207
4027,"Yuma County, Arizona",205631,112651,3696,2926,2719,266
5007,"Benton County, Arkansas",258291,228649,3896,2656,9343,1350
5031,"Craighead County, Arkansas",105835,84134,15243,0,1394,0
5045,"Faulkner County, Arkansas",122227,100295,12771,277,1404,739
5051,"Garland County, Arkansas",97477,84195,8471,989,1046,0
5069,"Jefferson County, Arkansas",70016,28485,40177,46,291,0
5085,"Lonoke County, Arkansas",72228,63910,3884,292,1032,0
5119,"Pulaski County, Arkansas",393250,218346,142430,799,8604,33
5125,"Saline County, Arkansas",118703,106655,8393,887,1212,0
5131,"Sebastian County, Arkansas",127793,93101,8645,1893,5547,74
5143,"Washington County, Arkansas",228049,174457,8608,2189,5402,4953
6001,"Alameda County, California",1647704,688067,174855,10122,483856,13865
6007,"Butte County, California",226864,187892,3563,2567,10665,811
6013,"Contra Costa County, California",1135127,658852,97413,3159,183849,4891
6017,"El Dorado County, California",185625,162495,1795,2379,8904,462
6019,"Fresno County, California",979915,640619,47646,10176,101993,1183
6023,"Humboldt County, California",136646,110795,1172,7228,4212,0
6025,"Imperial County, California",180883,110971,4122,1808,2731,301
6029,"Kern County, California",884788,642077,47668,11936,40615,3142
6031,"Kings County, California",149785,99706,10028,2083,5238,472
6033,"Lake County, California",64116,49293,914,2815,343,0
6037,"Los Angeles County, California",10137915,5093898,826516,65370,1474575,26104
6039,"Madera County, California",154697,109705,4535,3262,2748,312
6041,"Marin County, California",260651,200426,6114,274,13886,397
6045,"Mendocino County, California",87628,71202,412,3169,1125,231
6047,"Merced County, California",268672,149377,8492,2522,21156,32
6053,"Monterey County, California",435232,242774,11055,1903,24852,1086
6055,"Napa County, California",142166,110943,2718,1160,11301,269
6057,"Nevada County, California",99107,91701,197,490,1742,0
6059,"Orange County, California",3172532,1986194,53602,13443,637622,10791
6061,"Placer County, California",380531,309901,5796,2292,26369,392
6065,"Riverside County, California",2387741,1406044,152433,20442,149105,7583
6067,"Sacramento County, California",1514460,882763,148706,10265,230645,16214
6071,"San Bernardino County, California",2140096,1314742,182864,15077,152270,6381
6073,"San Diego County, California",3317749,2385470,165878,24980,389369,14356
6075,"San Francisco County, California",870887,404410,43468,3054,300409,1967
6077,"San Joaquin County, California",733709,417952,52126,5428,111547,4697
6079,"San Luis Obispo County, California",282887,238692,5167,2262,10989,28
6081,"San Mateo County, California",764797,388724,17413,3102,214801,10756
6083,"Santa Barbara County, California",446170,341741,8202,4863,24802,94
6085,"Santa Clara County, California",1919402,844820,47142,8787,683532,8602
6087,"Santa Cruz County, California",274673,203973,2908,1797,13692,43
6089,"Shasta County, California",179631,158293,1791,2942,6016,77
6095,"Solano County, California",440207,219084,64438,1568,66560,3713
6097,"Sonoma County, California",503070,371195,8632,4397,21487,1542
6099,"Stanislaus County, California",541560,395715,17096,3427,30615,3166
6101,"Sutter County, California",96651,69300,1672,653,14849,501
6107,"Tulare County, California",460437,340284,6167,6233,20506,908
6111,"Ventura County, California",849738,681115,14929,5746,60772,1787
6113,"Yolo County, California",215802,151935,5476,1835,30155,836
6115,"Yuba County, California",75275,56042,2331,1046,3656,1376
8001,"Adams County, Colorado",498187,402970,15865,7677,19783,425
8005,"Arapahoe County, Colorado",637068,452406,69336,3623,38563,1618
8013,"Boulder County, Colorado",322226,288623,3453,927,15560,209
8014,"Broomfield County, Colorado",66529,57480,727,316,3943,0
8031,"Denver County, Colorado",693060,522284,68262,5462,25721,410
8035,"Douglas County, Colorado",328632,294600,4667,1294,15524,205
8041,"El Paso County, Colorado",688284,552441,43539,3588,18301,3009
8059,"Jefferson County, Colorado",571837,519734,7314,3596,17174,273
8069,"Larimer County, Colorado",339993,307362,3351,2714,7489,516
8077,"Mesa County, Colorado",150083,140112,465,1384,1263,467
8101,"Pueblo County, Colorado",165123,133330,4192,8264,1310,127
8123,"Weld County, Colorado",294932,271892,3435,970,4523,0
9001,"Fairfield County, Connecticut",944177,696692,110693,2811,50381,695
9003,"Hartford County, Connecticut",892389,636425,120762,2763,45365,82
9005,"Litchfield County, Connecticut",182571,170796,3345,196,4476,0
9007,"Middlesex County, Connecticut",163329,145795,8763,5,4893,0
9009,"New Haven County, Connecticut",856875,635115,110901,1827,35579,423
9011,"New London County, Connecticut",269801,218961,15524,1730,12084,59
9013,"Tolland County, Connecticut",151118,134939,5338,0,7366,0
9015,"Windham County, Connecticut",116192,103169,3606,555,1806,0
10001,"Kent County, Delaware",174827,115964,43984,961,3125,9
10003,"New Castle County, Delaware",556987,361605,138491,1877,29993,981
10005,"Sussex County, Delaware",220251,181522,27436,1217,2528,1063
11001,"District of Columbia, District of Columbia",681170,277268,320554,2004,26436,41
12001,"Alachua County, Florida",263496,182119,52833,1166,16798,524
12005,"Bay County, Florida",183974,151108,20489,317,5077,34
12009,"Brevard County, Florida",579130,478586,57238,1254,14164,170
12011,"Broward County, Florida",1909632,1163610,545324,5993,69401,1726
12015,"Charlotte County, Florida",178465,160324,11548,124,1660,514
12017,"Citrus County, Florida",143621,133360,5412,261,2496,0
12019,"Clay County, Florida",208311,166888,21159,51,5746,397
12021,"Collier County, Florida",365136,321423,26142,987,4794,0
12023,"Columbia County, Florida",69299,52890,13565,101,539,64
12031,"Duval County, Florida",926255,560080,271278,2013,39936,453
12033,"Escambia County, Florida",315187,216766,70316,1608,9687,96
12035,"Flagler County, Florida",108310,90171,11765,0,2830,0
12053,"Hernando County, Florida",182835,162269,9823,210,2262,0
12055,"Highlands County, Florida",100917,78733,10396,74,1361,0
12057,"Hillsborough County, Florida",1376238,971753,228361,4763,54822,1279
12061,"Indian River County, Florida",151563,129043,11560,459,1978,0
12069,"Lake County, Florida",335396,283513,35729,1217,6718,27
12071,"Lee County, Florida",722336,615028,60475,1457,11131,129
12073,"Leon County, Florida",287822,177676,88212,521,10203,256
12081,"Manatee County, Florida",375888,320089,33480,1015,7143,206
12083,"Marion County, Florida",349020,286955,44143,194,4308,122
12085,"Martin County, Florida",158701,139122,9164,965,1252,179
12086,"Miami-Dade County, Florida",2712945,2019915,476506,4683,43745,1265
12087,"Monroe County, Florida",79077,70409,6581,117,1156,0
12091,"Okaloosa County, Florida",201170,155446,20398,590,5770,327
12095,"Orange County, Florida",1314367,851713,276302,1697,70844,50
12097,"Osceola County, Florida",336015,248442,40387,739,9588,142
12099,"Palm Beach County, Florida",1443810,1079513,266755,1811,38391,536
12101,"Pasco County, Florida",512368,452055,28037,1337,12829,190
12103,"Pinellas County, Florida",960730,784811,97341,3117,33027,820
12105,"Polk County, Florida",666149,525140,100793,1818,12565,306
12109,"St. Johns County, Florida",235087,208208,12331,854,6363,695
12111,"St. Lucie County, Florida",306507,227646,59949,1345,6005,0
12113,"Santa Rosa County, Florida",170497,146607,10669,1460,3459,506
12115,"Sarasota County, Florida",412569,375600,17710,1005,6544,22
12117,"Seminole County, Florida",455479,354325,51494,449,19098,343
12119,"Sumter County, Florida",123996,110567,8261,26,558,238
12127,"Volusia County, Florida",529364,441448,55747,2528,9730,64
12131,"Walton County, Florida",65889,57530,3771,216,631,0
13013,"Barrow County, Georgia",77126,60355,8123,337,2902,0
13015,"Bartow County, Georgia",103807,87069,10634,438,890,0
13021,"Bibb County, Georgia",152760,61273,82574,98,3089,0
13031,"Bulloch County, Georgia",74722,48483,21840,0,852,0
13045,"Carroll County, Georgia",116261,87176,21088,121,1122,384
13051,"Chatham County, Georgia",289082,151815,114139,650,6369,558
13057,"Cherokee County, Georgia",241689,207452,16701,1120,5002,0
13059,"Clarke County, Georgia",124707,78919,34893,181,5209,33
13063,"Clayton County, Georgia",279462,43114,190956,926,14614,0
13067,"Cobb County, Georgia",748150,439448,202244,3133,39953,676
13073,"Columbia County, Georgia",147450,108438,24938,932,6402,0
13077,"Coweta County, Georgia",140526,106080,25153,88,1696,97
13089,"DeKalb County, Georgia",740321,259015,403352,5253,45634,101
13095,"Dougherty County, Georgia",90017,24254,62375,258,799,50
13097,"Douglas County, Georgia",142224,67268,67469,73,2242,0
13113,"Fayette County, Georgia",111627,76827,23905,217,4945,0
13115,"Floyd County, Georgia",96560,74482,13603,14,1623,0
13117,"Forsyth County, Georgia",221009,179397,7490,387,25847,0
13121,"Fulton County, Georgia",1023336,455532,447187,9001,68259,879
13127,"Glynn County, Georgia",84502,58096,21354,317,1114,211
13135,"Gwinnett County, Georgia",907135,438099,248723,1346,103900,82
13139,"Hall County, Georgia",196637,168678,14687,412,3451,99
13151,"Henry County, Georgia",221768,110602,94657,0,7935,0
13153,"Houston County, Georgia",152122,93711,45011,622,4623,0
13179,"Liberty County, Georgia",62570,29415,25722,295,940,12
13185,"Lowndes County, Georgia",114628,67078,44310,256,418,113
13215,"Muscogee County, Georgia",197485,86603,90127,1159,4160,0
13223,"Paulding County, Georgia",155825,115718,34362,301,533,401
13245,"Richmond County, Georgia",201647,76547,114495,584,4084,848
13247,"Rockdale County, Georgia",89355,36218,48429,0,1798,0
13285,"Troup County, Georgia",70005,41740,25277,45,1423,0
13297,"Walton County, Georgia",90184,69810,16332,0,1369,112
13313,"Whitfield County, Georgia",104589,90028,4714,1954,1281,0
15001,"Hawaii County, Hawaii",198449,64714,1586,293,47415,26900
15003,"Honolulu County, Hawaii",992605,209223,23269,1636,421281,93165
15007,"Kauai County, Hawaii",72029,23326,621,563,24200,5678
15009,"Maui County, Hawaii",165379,60712,422,157,50531,18797
16001,"Ada County, Idaho",444028,402851,6535,2026,11778,377
16005,"Bannock County, Idaho",84377,74610,280,3335,1480,0
16019,"Bonneville County, Idaho",112232,99184,0,843,1521,0
16027,"Canyon County, Idaho",211698,171868,48,2689,2978,835
16055,"Kootenai County, Idaho",154311,143862,1029,2970,1352,167
16083,"Twin Falls County, Idaho",83514,77172,677,1065,1389,76
17019,"Champaign County, Illinois",208419,151060,27686,331,21908,62
17031,"Cook County, Illinois",5203499,2919459,1223763,14508,371491,1939
17037,"DeKalb County, Illinois",104528,86721,7396,117,2439,0
17043,"DuPage County, Illinois",929368,714083,45918,1060,107270,481
17089,"Kane County, Illinois",531715,374272,29929,2405,21320,33
17091,"Kankakee County, Illinois",110008,86918,17306,394,1023,0
17093,"Kendall County, Illinois",124695,100133,8271,350,3882,0
17097,"Lake County, Illinois",703047,530524,46836,1206,52572,310
17099,"LaSalle County, Illinois",110642,104660,3061,102,647,101
17111,"McHenry County, Illinois",307004,284322,3937,253,8478,0
17113,"McLean County, Illinois",172418,142803,14364,380,8635,0
17115,"Macon County, Illinois",106550,83242,13359,262,1089,13
17119,"Madison County, Illinois",265759,233639,23424,299,3169,0
17143,"Peoria County, Illinois",185006,135178,33901,618,7607,0
17161,"Rock Island County, Illinois",144784,116660,13890,778,3486,283
17163,"St. Clair County, Illinois",262759,168589,77768,712,4473,78
17167,"Sangamon County, Illinois",197499,162397,25993,143,3568,124
17179,"Tazewell County, Illinois",134385,128580,1854,311,1408,103
17183,"Vermilion County, Illinois",78111,63731,10778,13,860,16
17197,"Will County, Illinois",689529,505732,76425,2016,38308,515
17201,"Winnebago County, Illinois",285873,226518,35905,217,7285,140
18003,"Allen County, Indiana",370404,296773,42515,461,14669,102
18005,"Bartholomew County, Indiana",81402,68773,1234,38,5864,0
18019,"Clark County, Indiana",116031,102109,6608,79,457,0
18035,"Delaware County, Indiana",115603,101294,8952,226,1473,340
18039,"Elkhart County, Indiana",203781,180922,11251,1040,2149,360
18043,"Floyd County, Indiana",76990,69860,3954,183,800,0
18053,"Grant County, Indiana",66937,58979,4960,240,261,0
18057,"Hamilton County, Indiana",316373,276282,11797,322,17484,0
18063,"Hendricks County, Indiana",160610,139891,13279,429,4479,0
18067,"Howard County, Indiana",82568,72022,7651,308,271,77
18081,"Johnson County, Indiana",151982,138849,3880,416,5233,41
18085,"Kosciusko County, Indiana",79092,75552,958,465,407,0
18089,"Lake County, Indiana",485846,299056,117223,1531,6144,95
18091,"LaPorte County, Indiana",110015,91255,11928,610,889,63
18095,"Madison County, Indiana",129296,113364,9062,431,554,0
18097,"Marion County, Indiana",941229,577828,260219,2924,27885,295
18105,"Monroe County, Indiana",145496,125427,4068,310,9461,0
18127,"Porter County, Indiana",167791,153318,5280,224,2055,129
18141,"St. Joseph County, Indiana",269141,209203,35405,1880,6408,190
18157,"Tippecanoe County, Indiana",188059,152857,9666,268,15385,200
18163,"Vanderburgh County, Indiana",181721,155227,15804,310,1990,1210
18167,"Vigo County, Indiana",107931,94021,6808,427,2044,47
18177,"Wayne County, Indiana",66568,59648,3125,24,718,0
19013,"Black Hawk County, Iowa",132904,113334,12012,802,3374,719
19049,"Dallas County, Iowa",84516,76654,1003,102,3579,0
19061,"Dubuque County, Iowa",97003,90491,3496,74,1198,302
19103,"Johnson County, Iowa",146547,119612,10314,0,10102,0
19113,"Linn County, Iowa",221661,198263,12247,239,5323,132
19153,"Polk County, Iowa",474045,396575,31968,1315,22224,150
19155,"Pottawattamie County, Iowa",93582,88124,1824,630,821,0
19163,"Scott County, Iowa",172474,147577,14802,554,4441,0
19169,"Story County, Iowa",97090,84190,1423,178,8417,0
19193,"Woodbury County, Iowa",102779,87253,3720,723,3154,749
20015,"Butler County, Kansas",67025,62612,1679,704,269,80
20045,"Douglas County, Kansas",119440,97894,4866,1800,6249,26
20091,"Johnson County, Kansas",584451,505785,25393,1260,27644,332
20103,"Leavenworth County, Kansas",80204,64838,7435,463,1697,295
20161,"Riley County, Kansas",73343,60227,4370,182,3820,264
20173,"Sedgwick County, Kansas",511995,400297,42474,4630,21236,0
20177,"Shawnee County, Kansas",178146,143411,14949,1773,2374,127
20209,"Wyandotte County, Kansas",163831,96425,37308,1335,6063,0
21015,"Boone County, Kentucky",128536,117023,2966,426,3410,0
21037,"Campbell County, Kentucky",92211,86613,3601,94,587,0
21047,"Christian County, Kentucky",72351,51567,16784,251,420,433
21059,"Daviess County, Kentucky",99674,91073,5107,8,1614,0
21067,"Fayette County, Kentucky",318449,238917,46097,1080,11699,201
21093,"Hardin County, Kentucky",107316,84280,13475,175,1851,275
21111,"Jefferson County, Kentucky",765352,551075,165658,1477,21038,409
21117,"Kenton County, Kentucky",164945,149375,7334,241,1922,0
21151,"Madison County, Kentucky",89547,81935,4485,153,1039,0
21185,"Oldham County, Kentucky",65560,60007,1848,361,834,0
21227,"Warren County, Kentucky",125532,103029,11775,642,4718,0
22015,"Bossier Parish, Louisiana",126057,91878,28446,275,1906,220
22017,"Caddo Parish, Louisiana",248851,114096,123912,552,3212,0
22019,"Calcasieu Parish, Louisiana",200601,140157,50582,747,2284,0
22033,"East Baton Rouge Parish, Louisiana",447037,210180,205707,419,14660,0
22045,"Iberia Parish, Louisiana",73273,43772,23324,269,1862,0
22051,"Jefferson Parish, Louisiana",436523,271283,117081,1899,18643,0
22055,"Lafayette Parish, Louisiana",241398,168941,61221,401,4038,0
22057,"Lafourche Parish, Louisiana",98305,77516,13471,2473,504,73
22071,"Orleans Parish, Louisiana",391495,133434,233836,434,11721,97
22073,"Ouachita Parish, Louisiana",156983,94141,58969,203,1613,0
22079,"Rapides Parish, Louisiana",132424,84072,42337,701,2230,0
22103,"St. Tammany Parish, Louisiana",253602,210347,27933,1660,3793,274
22105,"Tangipahoa Parish, Louisiana",130710,87647,37463,481,730,0
22109,"Terrebonne Parish, Louisiana",113220,79883,22901,6376,571,0
23001,"Androscoggin County, Maine",107319,98905,3453,204,1165,0
23003,"Aroostook County, Maine",67959,64534,904,850,292,13
23005,"Cumberland County, Maine",292041,268659,8502,996,6084,0
23011,"Kennebec County, Maine",120569,115205,1336,607,1313,183
23019,"Penobscot County, Maine",151806,143639,811,1940,1404,0
23031,"York County, Maine",202343,193838,2494,68,4274,0
24001,"Allegany County, Maryland",72130,63802,6374,150,619,27
24003,"Anne Arundel County, Maryland",568346,416095,91607,1034,20626,53
24005,"Baltimore County, Maryland",831026,512637,238123,2431,49490,579
24009,"Calvert County, Maryland",91251,73623,11839,0,1709,0
24013,"Carroll County, Maryland",167656,153931,5631,407,3078,104
24015,"Cecil County, Maryland",102603,89580,7411,0,1512,34
24017,"Charles County, Maryland",157705,71927,71324,246,4466,0
24021,"Frederick County, Maryland",247591,200808,25712,1172,11679,58
24025,"Harford County, Maryland",251032,198064,33432,476,5848,78
24027,"Howard County, Maryland",317233,186168,58167,405,57006,56
24031,"Montgomery County, Maryland",1043863,574964,191046,2053,154518,239
24033,"Prince George's County, Maryland",908049,159377,571454,3802,38290,287
24043,"Washington County, Maryland",150292,126158,16125,228,2009,253
24045,"Wicomico County, Maryland",102577,69068,26015,30,3530,108
24510,"Baltimore city, Maryland",614664,189260,384465,1800,15149,604
25001,"Barnstable County, Massachusetts",214276,196365,5175,914,2951,1034
25003,"Berkshire County, Massachusetts",126903,116668,3428,260,2049,67
25005,"Bristol County, Massachusetts",558324,469087,23337,105,13414,305
25009,"Essex County, Massachusetts",779018,635443,30824,1362,26984,366
25011,"Franklin County, Massachusetts",70382,65664,692,262,710,293
25013,"Hampden County, Massachusetts",468467,388013,40874,1009,10440,0
25015,"Hampshire County, Massachusetts",161816,143231,3958,72,7242,265
25017,"Middlesex County, Massachusetts",1589774,1220690,86605,2454,187448,517
25021,"Norfolk County, Massachusetts",697181,546568,45901,843,74523,215
25023,"Plymouth County, Massachusetts",513565,430007,45757,688,6215,152
25025,"Suffolk County, Massachusetts",784230,432065,179093,2715,68847,252
25027,"Worcester County, Massachusetts",819589,683124,39855,1532,39751,292
26005,"Allegan County, Michigan",115548,108703,1445,307,417,0
26017,"Bay County, Michigan",104747,99068,2410,241,309,0
26021,"Berrien County, Michigan",154010,120388,22043,413,2977,16
26025,"Calhoun County, Michigan",134386,110181,14071,539,2622,0
26037,"Clinton County, Michigan",77888,73219,1298,204,1540,0
26045,"Eaton County, Michigan",109160,95114,6008,572,2049,178
26049,"Genesee County, Michigan",408615,304971,81377,1737,4111,305
26055,"Grand Traverse County, Michigan",92084,87400,903,888,488,98
26065,"Ingham County, Michigan",288051,213921,33628,993,19021,187
26073,"Isabella County, Michigan",71282,62681,1517,1337,1392,0
26075,"Jackson County, Michigan",158460,138283,13482,676,1260,116
26077,"Kalamazoo County, Michigan",261654,212319,28131,373,6828,0
26081,"Kent County, Michigan",642173,514715,59715,1930,18849,67
26087,"Lapeer County, Michigan",88340,84352,1009,203,509,56
26091,"Lenawee County, Michigan",98504,91291,2998,702,256,0
26093,"Livingston County, Michigan",188624,182458,1273,291,1730,79
26099,"Macomb County, Michigan",867730,706518,100689,1762,32772,50
26103,"Marquette County, Michigan",66435,61683,808,207,649,15
26111,"Midland County, Michigan",83462,77534,1235,228,1738,0
26115,"Monroe County, Michigan",149208,140808,4242,804,952,0
26121,"Muskegon County, Michigan",173408,139261,24450,1249,1128,0
26125,"Oakland County, Michigan",1243970,934642,167411,3016,87646,232
26139,"Ottawa County, Michigan",282250,255093,3439,628,6244,165
26145,"Saginaw County, Michigan",192326,144965,35768,493,2503,61
26147,"St. Clair County, Michigan",159587,148831,3835,358,1223,0
26155,"Shiawassee County, Michigan",68554,66372,396,112,205,0
26159,"Van Buren County, Michigan",75223,64948,2312,1240,425,146
26161,"Washtenaw County, Michigan",364709,269158,43375,1789,31232,179
26163,"Wayne County, Michigan",1749366,924131,680630,5458,54230,420
27003,"Anoka County, Minnesota",345957,291760,19779,2480,15529,195
27013,"Blue Earth County, Minnesota",66441,60737,2291,319,1325,0
27019,"Carver County, Minnesota",100262,91908,2258,300,3231,0
27037,"Dakota County, Minnesota",417486,345463,24024,1195,20140,102
27053,"Hennepin County, Minnesota",1232483,893871,158741,9923,85906,483
27109,"Olmsted County, Minnesota",153102,129033,9005,900,8964,0
27123,"Ramsey County, Minnesota",540649,358606,59737,3089,76470,209
27131,"Rice County, Minnesota",65622,56157,3451,86,1404,0
27137,"St. Louis County, Minnesota",199980,184278,3353,4859,2228,45
27139,"Scott County, Minnesota",143680,119736,4743,681,8060,0
27141,"Sherburne County, Minnesota",93528,86674,2417,272,791,0
27145,"Stearns County, Minnesota",155652,138022,8669,222,3701,0
27163,"Washington County, Minnesota",253117,216807,11366,1002,12637,66
27171,"Wright County, Minnesota",132550,125122,1928,581,1973,0
28033,"DeSoto County, Mississippi",175611,119958,46205,416,2663,0
28047,"Harrison County, Mississippi",203234,139366,49451,1225,5702,0
28049,"Hinds County, Mississippi",241229,61461,174862,205,1885,284
28059,"Jackson County, Mississippi",141241,98840,31706,506,3863,0
28081,"Lee County, Mississippi",85381,57782,24789,65,811,33
28089,"Madison County, Mississippi",105114,59310,39502,444,2725,0
28121,"Rankin County, Mississippi",150228,114301,31766,127,1518,0
29019,"Boone County, Missouri",176594,142618,16256,811,9021,23
29021,"Buchanan County, Missouri",88938,77933,4572,372,1054,0
29031,"Cape Girardeau County, Missouri",78913,69069,5525,385,1365,28
29037,"Cass County, Missouri",102845,93928,3018,129,802,0
29047,"Clay County, Missouri",239085,204294,15923,534,6193,1184
29051,"Cole County, Missouri",76631,64560,8477,290,1107,39
29071,"Franklin County, Missouri",102838,98926,861,71,625,332
29077,"Greene County, Missouri",288690,258094,10029,2188,5704,110
29095,"Jackson County, Missouri",691801,463423,161932,3089,12585,2433
29097,"Jasper County, Missouri",119111,107566,2615,2263,1634,139
29099,"Jefferson County, Missouri",224226,215622,2229,580,1882,0
29165,"Platte County, Missouri",98309,84433,6635,314,2838,73
29183,"St. Charles County, Missouri",390918,352403,17540,500,9844,0
29189,"St. Louis County, Missouri",998581,684030,238612,1834,39819,271
29510,"St. Louis city, Missouri",311404,144752,145886,762,10264,88
30013,"Cascade County, Montana",81755,72572,992,3673,738,142
30029,"Flathead County, Montana",98082,92689,282,848,340,163
30031,"Gallatin County, Montana",104502,99275,374,1169,1460,0
30049,"Lewis and Clark County, Montana",67282,62897,281,1101,572,0
30063,"Missoula County, Montana",116130,106680,715,3019,1855,0
30111,"Yellowstone County, Montana",158437,144305,829,6176,959,0
31055,"Douglas County, Nebraska",554995,444192,61497,1527,19640,390
31109,"Lancaster County, Nebraska",309637,267852,12445,1952,12252,3
31153,"Sarpy County, Nebraska",179023,158913,6658,595,4776,168
32003,"Clark County, Nevada",2155664,1330054,247427,13583,211925,17783
32031,"Washoe County, Nevada",453616,355315,10627,6826,25562,2436
33005,"Cheshire County, New Hampshire",75774,72373,520,148,1122,0
33009,"Grafton County, New Hampshire",88888,82304,977,143,3505,34
33011,"Hillsborough County, New Hampshire",407761,367574,9702,467,14874,32
33013,"Merrimack County, New Hampshire",148582,140747,836,354,2563,0
33015,"Rockingham County, New Hampshire",303251,288104,2089,57,5846,0
33017,"Strafford County, New Hampshire",127428,118919,1196,50,4107,0
34001,"Atlantic County, New Jersey",270991,176909,41557,824,22599,60
34003,"Bergen County, New Jersey",939151,678573,56391,1748,153276,804
34005,"Burlington County, New Jersey",449284,323113,74530,378,23697,123
34007,"Camden County, New Jersey",510150,324529,96342,1032,29696,0
34009,"Cape May County, New Jersey",94430,86834,3321,63,806,127
34011,"Cumberland County, New Jersey",153797,103640,28739,1960,2258,0
34013,"Essex County, New Jersey",796914,355482,317198,1518,42298,0
34015,"Gloucester County, New Jersey",292330,237650,29805,215,8955,0
34017,"Hudson County, New Jersey",677983,367911,81508,2484,102554,752
34019,"Hunterdon County, New Jersey",124676,113236,3498,19,4757,73
34021,"Mercer County, New Jersey",371023,238907,78453,493,40864,597
34023,"Middlesex County, New Jersey",837073,490322,83900,2096,203045,297
34025,"Monmouth County, New Jersey",625846,514689,45430,966,35774,30
34027,"Morris County, New Jersey",498423,402032,15796,139,53056,0
34029,"Ocean County, New Jersey",592497,536665,17336,400,11908,664
34031,"Passaic County, New Jersey",507945,333685,57390,1643,26481,180
34033,"Salem County, New Jersey",63436,50303,8147,162,774,0
34035,"Somerset County, New Jersey",333751,224326,32448,1718,57437,47
34037,"Sussex County, New Jersey",142522,132461,2904,0,3229,0
34039,"Union County, New Jersey",555630,304604,114911,2210,27892,0
34041,"Warren County, New Jersey",106617,95037,4981,117,2825,0
35001,"Bernalillo County, New Mexico",676953,479588,18679,34521,18595,498
35005,"Chaves County, New Mexico",65282,59253,1717,1481,67,22
35013,"Doña Ana County, New Mexico",214207,194538,3599,2578,2341,69
35025,"Lea County, New Mexico",69749,62201,2172,452,0,46
35031,"McKinley County, New Mexico",74923,10318,161,58562,766,219
35035,"Otero County, New Mexico",65410,50841,2625,4423,969,0
35043,"Sandoval County, New Mexico",142025,99399,2980,18026,2100,25
35045,"San Juan County, New Mexico",115079,62316,656,41426,690,74
35049,"Santa Fe County, New Mexico",148651,126078,1260,5173,1976,38
35061,"Valencia County, New Mexico",75626,60577,788,2782,340,0
36001,"Albany County, New York",308846,230831,38386,788,21011,0
36005,"Bronx County, New York",1455720,312877,495031,8777,51958,372
36007,"Broome County, New York",195334,166572,12650,13,7006,21
36009,"Cattaraugus County, New York",77677,71286,1148,2615,509,0
36011,"Cayuga County, New York",77861,71746,3240,139,400,0
36013,"Chautauqua County, New York",129504,120008,3784,326,760,64
36015,"Chemung County, New York",86322,75851,4798,171,1588,22
36019,"Clinton County, New York",81073,73092,3875,114,990,0
36027,"Dutchess County, New York",294473,232515,31588,989,10743,422
36029,"Erie County, New York",921046,718970,122691,4730,34132,405
36045,"Jefferson County, New York",114006,98583,5871,1667,1998,41
36047,"Kings County, New York",2629150,1124155,861749,8714,315850,1402
36051,"Livingston County, New York",64257,59522,1985,352,699,76
36053,"Madison County, New York",71329,67495,1272,203,726,152
36055,"Monroe County, New York",747727,570709,113806,2763,26420,309
36059,"Nassau County, New York",1361500,926594,158561,3420,127934,285
36061,"New York County, New York",1643734,931953,246095,4555,204434,1205
36063,"Niagara County, New York",211758,185171,13450,2246,2082,141
36065,"Oneida County, New York",231190,197816,13313,400,9824,53
36067,"Onondaga County, New York",466194,370920,52781,1769,17413,81
36069,"Ontario County, New York",109828,101231,3180,584,1345,114
36071,"Orange County, New York",379210,278706,38853,1877,10686,149
36075,"Oswego County, New York",118987,113860,1795,184,730,75
36079,"Putnam County, New York",98900,85102,1490,859,2214,56
36081,"Queens County, New York",2333054,905860,421307,9509,592922,1240
36083,"Rensselaer County, New York",160070,137956,9755,799,4019,0
36085,"Richmond County, New York",476015,352530,48920,251,40747,721
36087,"Rockland County, New York",326780,225848,40350,592,19686,49
36089,"St. Lawrence County, New York",110038,102840,2925,437,1489,11
36091,"Saratoga County, New York",227053,211505,2719,484,6797,91
36093,"Schenectady County, New York",154553,119476,14509,258,6739,219
36101,"Steuben County, New York",96940,91500,1835,120,1298,0
36103,"Suffolk County, New York",1492583,1195796,111177,3361,58726,833
36105,"Sullivan County, New York",74801,60496,5662,52,1227,0
36109,"Tompkins County, New York",104871,83423,4698,268,10625,0
36111,"Ulster County, New York",179225,152042,10859,151,3969,21
36113,"Warren County, New York",64567,62127,690,85,603,82
36117,"Wayne County, New York",90798,84497,2458,59,775,0
36119,"Westchester County, New York",974542,628687,144510,2745,57962,192
37001,"Alamance County, North Carolina",159688,110933,31088,779,2245,307
37019,"Brunswick County, North Carolina",126953,105877,13110,1056,708,0
37021,"Buncombe County, North Carolina",256088,226953,15445,959,3542,425
37023,"Burke County, North Carolina",88851,74837,5443,537,3447,127
37025,"Cabarrus County, North Carolina",201590,141332,34402,511,6212,374
37027,"Caldwell County, North Carolina",81449,72101,3611,550,302,0
37031,"Carteret County, North Carolina",68890,61844,3798,285,546,0
37035,"Catawba County, North Carolina",156459,122004,13875,600,6466,0
37037,"Chatham County, North Carolina",72243,59488,8033,0,868,0
37045,"Cleveland County, North Carolina",97144,71847,20734,157,1134,0
37049,"Craven County, North Carolina",103445,71552,20612,812,3215,50
37051,"Cumberland County, North Carolina",327127,162910,124566,5012,7649,737
37057,"Davidson County, North Carolina",164926,139762,13621,133,2630,0
37063,"Durham County, North Carolina",306212,158099,113137,669,15714,267
37067,"Forsyth County, North Carolina",371511,245900,97584,1513,8532,21
37071,"Gaston County, North Carolina",216965,167912,34358,1004,3627,0
37081,"Guilford County, North Carolina",521330,290962,175229,1975,26138,383
37085,"Harnett County, North Carolina",130881,86920,27503,878,916,202
37089,"Henderson County, North Carolina",114209,106200,5236,6,1607,0
37097,"Iredell County, North Carolina",172916,142713,21633,194,4410,0
37101,"Johnston County, North Carolina",191450,149935,31782,729,536,0
37109,"Lincoln County, North Carolina",81168,70976,3566,1149,638,106
37119,"Mecklenburg County, North Carolina",1054835,574931,334621,2740,59544,786
37125,"Moore County, North Carolina",95776,78987,13027,108,1649,80
37127,"Nash County, North Carolina",94005,50212,37748,434,845,0
37129,"New Hanover County, North Carolina",223483,180970,31080,625,2161,0
37133,"Onslow County, North Carolina",187136,139353,24311,591,3350,413
37135,"Orange County, North Carolina",141796,106590,14958,677,11270,0
37147,"Pitt County, North Carolina",177220,102197,62515,640,2983,64
37151,"Randolph County, North Carolina",143416,119977,9771,262,1463,0
37155,"Robeson County, North Carolina",133235,38442,32385,52789,958,197
37157,"Rockingham County, North Carolina",91393,70668,15921,717,618,51
37159,"Rowan County, North Carolina",139933,107453,22460,659,1104,0
37161,"Rutherford County, North Carolina",66421,58022,5822,627,744,29
37171,"Surry County, North Carolina",72113,65066,2708,153,406,173
37179,"Union County, North Carolina",226606,187188,25691,528,5792,0
37183,"Wake County, North Carolina",1046791,688226,213306,3815,69541,157
37191,"Wayne County, North Carolina",124150,79743,37003,324,1539,65
37193,"Wilkes County, North Carolina",68740,62089,1994,10,1232,104
37195,"Wilson County, North Carolina",81661,41449,32474,574,208,0
38015,"Burleigh County, North Dakota",94487,85935,2066,4142,714,140
38017,"Cass County, North Dakota",175249,153678,9281,1478,4496,0
38035,"Grand Forks County, North Dakota",71083,62439,2825,1780,1802,0
38101,"Ward County, North Dakota",70210,60834,1578,3000,865,0
39003,"Allen County, Ohio",103742,85612,12198,245,917,0
39007,"Ashtabula County, Ohio",98231,90797,3902,269,492,42
39009,"Athens County, Ohio",66186,59847,2143,0,1250,0
39017,"Butler County, Ohio",377537,322458,30413,536,10086,98
39023,"Clark County, Ohio",134786,117082,9921,289,393,53
39025,"Clermont County, Ohio",203022,193577,3373,0,2833,187
39029,"Columbiana County, Ohio",103685,97992,2766,201,0,0
39035,"Cuyahoga County, Ohio",1249352,780502,367135,2275,35357,389
39041,"Delaware County, Ohio",196463,173006,6944,253,11311,53
39043,"Erie County, Ohio",75107,64185,6933,61,620,0
39045,"Fairfield County, Ohio",152597,133473,11068,407,1560,0
39049,"Franklin County, Ohio",1264518,855234,280522,2170,62789,747
39057,"Greene County, Ohio",164765,141014,11672,235,4902,0
39061,"Hamilton County, Ohio",809099,542878,208972,800,21398,85
39063,"Hancock County, Ohio",75872,70208,821,7,1412,0
39085,"Lake County, Ohio",228614,208258,9011,388,3153,26
39089,"Licking County, Ohio",172198,158253,6542,125,2087,0
39093,"Lorain County, Ohio",306365,260616,26803,578,2735,174
39095,"Lucas County, Ohio",432488,313144,82833,816,6710,233
39099,"Mahoning County, Ohio",230008,183773,35050,402,2048,0
39103,"Medina County, Ohio",177221,168281,2542,524,1651,0
39109,"Miami County, Ohio",104679,98031,2410,126,1294,0
39113,"Montgomery County, Ohio",531239,388711,110639,640,11335,374
39133,"Portage County, Ohio",161921,147855,6943,174,2837,0
39139,"Richland County, Ohio",121107,104750,12153,253,821,85
39151,"Stark County, Ohio",373612,327583,27377,218,3682,0
39153,"Summit County, Ohio",540300,427390,77916,503,17116,149
39155,"Trumbull County, Ohio",201825,178222,17537,364,860,0
39165,"Warren County, Ohio",227063,200973,8661,0,12734,0
39169,"Wayne County, Ohio",116470,109609,1923,33,1265,0
39173,"Wood County, Ohio",130219,119109,3912,510,1938,234
40017,"Canadian County, Oklahoma",136532,110859,3031,5720,4298,0
40027,"Cleveland County, Oklahoma",278655,218891,12353,11785,12864,142
40031,"Comanche County, Oklahoma",122136,76393,22659,6613,2645,225
40037,"Creek County, Oklahoma",71312,56935,1349,8304,249,55
40101,"Muskogee County, Oklahoma",69477,40817,7297,12438,513,103
40109,"Oklahoma County, Oklahoma",782970,539756,118634,24989,24246,1011
40119,"Payne County, Oklahoma",81131,65460,3536,4184,3866,0
40125,"Pottawatomie County, Oklahoma",72290,54566,2607,10306,578,60
40131,"Rogers County, Oklahoma",91766,68761,871,10913,1044,0
40143,"Tulsa County, Oklahoma",642940,445786,63930,32602,21241,279
40145,"Wagoner County, Oklahoma",77679,58594,2716,6890,951,90
41003,"Benton County, Oregon",89385,77080,984,459,5884,262
41005,"Clackamas County, Oregon",408062,357854,4548,3639,16159,626
41017,"Deschutes County, Oregon",181307,167962,1089,806,1730,87
41019,"Douglas County, Oregon",108457,100124,642,1033,1026,102
41029,"Jackson County, Oregon",216527,192932,1390,2298,2803,635
41033,"Josephine County, Oregon",85904,80113,1441,1593,657,22
41035,"Klamath County, Oregon",66443,57742,134,3131,702,216
41039,"Lane County, Oregon",369519,324944,3663,4162,9597,928
41043,"Linn County, Oregon",122849,110734,595,1248,1299,74
41047,"Marion County, Oregon",336316,265422,4806,2378,6959,2402
41051,"Multnomah County, Oregon",799766,630308,45410,5658,56252,4647
41053,"Polk County, Oregon",81823,73654,358,1905,1362,369
41059,"Umatilla County, Oregon",76456,67399,573,1861,266,141
41067,"Washington County, Oregon",582779,439014,10846,2252,58739,2262
41071,"Yamhill County, Oregon",105035,91961,611,1755,1804,367
42001,"Adams County, Pennsylvania",102180,94434,1057,65,426,0
42003,"Allegheny County, Pennsylvania",1225365,982979,154858,975,43283,443
42007,"Beaver County, Pennsylvania",167429,151718,9238,91,551,194
42011,"Berks County, Pennsylvania",414812,343554,18603,4478,5504,0
42013,"Blair County, Pennsylvania",124650,119127,2498,17,844,262
42017,"Bucks County, Pennsylvania",626399,551410,22210,912,30721,0
42019,"Butler County, Pennsylvania",186847,179023,2329,177,2478,0
42021,"Cambria County, Pennsylvania",134732,126107,3266,13,515,175
42027,"Centre County, Pennsylvania",161464,142112,5949,115,8766,80
42029,"Chester County, Pennsylvania",516312,440376,29721,506,25578,254
42033,"Clearfield County, Pennsylvania",80596,76391,2580,508,390,0
42037,"Columbia County, Pennsylvania",66420,62704,1475,64,781,0
42039,"Crawford County, Pennsylvania",86257,82613,1507,14,314,51
42041,"Cumberland County, Pennsylvania",248506,218262,10293,171,10925,0
42043,"Dauphin County, Pennsylvania",273707,193791,52861,918,11959,0
42045,"Delaware County, Pennsylvania",563402,389846,120082,1165,32804,0
42049,"Erie County, Pennsylvania",276207,241733,20144,613,4980,201
42051,"Fayette County, Pennsylvania",132733,122730,5313,63,320,56
42055,"Franklin County, Pennsylvania",153851,142799,6445,469,1733,60
42063,"Indiana County, Pennsylvania",86364,81885,2255,291,942,62
42069,"Lackawanna County, Pennsylvania",211321,193832,5870,214,5204,58
42071,"Lancaster County, Pennsylvania",538500,481798,23427,431,10923,53
42073,"Lawrence County, Pennsylvania",87294,81410,4075,45,344,0
42075,"Lebanon County, Pennsylvania",138863,120894,3650,129,2078,0
42077,"Lehigh County, Pennsylvania",363147,286600,26645,358,11587,0
42079,"Luzerne County, Pennsylvania",316383,285321,13937,452,3756,77
42081,"Lycoming County, Pennsylvania",115248,106461,5208,11,637,17
42085,"Mercer County, Pennsylvania",112913,103190,6427,71,904,18
42089,"Monroe County, Pennsylvania",166098,124741,23137,257,3492,191
42091,"Montgomery County, Pennsylvania",821725,654626,73076,1230,60749,295
42095,"Northampton County, Pennsylvania",302294,262942,15889,459,8454,0
42097,"Northumberland County, Pennsylvania",92541,87742,2471,127,432,0
42101,"Philadelphia County, Pennsylvania",1567872,634111,661032,5521,110733,480
42107,"Schuylkill County, Pennsylvania",143573,133893,4370,288,829,0
42111,"Somerset County, Pennsylvania",75061,71676,2031,69,380,0
42125,"Washington County, Pennsylvania",207981,194397,6242,271,1981,0
42129,"Westmoreland County, Pennsylvania",355458,336698,9544,75,3691,34
42133,"York County, Pennsylvania",443744,391834,25561,943,6918,231
44003,"Kent County, Rhode Island",164614,151589,2738,196,3675,128
44005,"Newport County, Rhode Island",82784,74333,3077,130,1864,310
44007,"Providence County, Rhode Island",633673,460377,58806,4643,26713,572
44009,"Washington County, Rhode Island",126288,117411,2307,293,3352,427
45003,"Aiken County, South Carolina",167458,119571,41026,477,1938,125
45007,"Anderson County, South Carolina",196569,156660,32543,309,1935,0
45013,"Beaufort County, South Carolina",183149,138177,33588,659,2367,106
45015,"Berkeley County, South Carolina",210898,141762,51487,644,5728,0
45019,"Charleston County, South Carolina",396484,271106,109189,626,6001,0
45035,"Dorchester County, South Carolina",153773,103108,37763,1078,2803,0
45041,"Florence County, South Carolina",138742,75530,59522,113,1751,0
45045,"Greenville County, South Carolina",498766,372089,91056,1844,11379,439
45047,"Greenwood County, South Carolina",70133,45687,21328,0,918,0
45051,"Horry County, South Carolina",322342,260680,44012,1727,4425,192
45057,"Lancaster County, South Carolina",89594,64846,20723,0,412,0
45059,"Laurens County, South Carolina",66777,47288,14837,128,981,471
45063,"Lexington County, South Carolina",286196,227447,41478,627,4965,111
45073,"Oconee County, South Carolina",76355,67461,5645,61,404,0
45075,"Orangeburg County, South Carolina",87903,29564,55797,606,529,0
45077,"Pickens County, South Carolina",122863,108555,8542,0,3013,109
45079,"Richland County, South Carolina",409549,186850,190887,695,10198,545
45083,"Spartanburg County, South Carolina",301463,221226,61262,197,6514,30
45085,"Sumter County, South Carolina",107396,51345,51510,104,1659,142
45091,"York County, South Carolina",258526,191332,48293,2027,4854,115
46099,"Minnehaha County, South Dakota",187318,161240,9385,3948,4477,67
46103,"Pennington County, South Dakota",109372,90775,1426,10308,1444,14
47001,"Anderson County, Tennessee",75936,69275,3191,0,1208,87
47009,"Blount County, Tennessee",128670,120416,3897,113,914,81
47011,"Bradley County, Tennessee",104490,95746,5734,629,243,46
47037,"Davidson County, Tennessee",684410,442201,187329,1398,25891,605
47059,"Greene County, Tennessee",68615,64883,1404,168,208,0
47065,"Hamilton County, Tennessee",357738,271063,70591,499,6865,0
47093,"Knox County, Tennessee",456132,390124,40267,1780,10650,261
47113,"Madison County, Tennessee",97663,58095,37031,53,1017,0
47119,"Maury County, Tennessee",89981,75419,10898,122,70,0
47125,"Montgomery County, Tennessee",195734,140854,37819,1383,5439,1446
47141,"Putnam County, Tennessee",75931,71824,661,0,1664,0
47147,"Robertson County, Tennessee",69165,62171,4986,125,429,0
47149,"Rutherford County, Tennessee",308251,239190,43917,755,10482,0
47155,"Sevier County, Tennessee",96673,91955,561,374,500,0
47157,"Shelby County, Tennessee",934603,360410,499045,2855,22771,165
47163,"Sullivan County, Tennessee",156667,147950,2912,184,664,418
47165,"Sumner County, Tennessee",180063,160406,13146,336,2300,60
47179,"Washington County, Tennessee",127440,116552,5480,813,2028,64
47187,"Williamson County, Tennessee",219107,194634,9008,251,9027,515
47189,"Wilson County, Tennessee",132781,117941,9745,507,2438,0
48005,"Angelina County, Texas",87791,67968,13621,1342,1007,47
48021,"Bastrop County, Texas",82733,58948,5621,431,1293,0
48027,"Bell County, Texas",340411,217524,82612,1945,9696,2515
48029,"Bexar County, Texas",1928680,1520769,151997,14260,56054,1282
48037,"Bowie County, Texas",93860,65905,22872,298,1265,314
48039,"Brazoria County, Texas",354195,264794,45897,3592,23012,13
48041,"Brazos County, Texas",220417,167258,22640,1067,14050,107
48061,"Cameron County, Texas",422135,401139,2142,341,3497,120
48085,"Collin County, Texas",939585,661559,87766,3583,132486,822
48091,"Comal County, Texas",134788,120507,3101,119,1532,89
48099,"Coryell County, Texas",74686,53879,7911,960,1656,558
48113,"Dallas County, Texas",2574984,1591187,582365,6506,157592,1393
48121,"Denton County, Texas",806180,599270,74199,3992,63864,602
48135,"Ector County, Texas",157462,134245,7643,1069,1809,0
48139,"Ellis County, Texas",168499,141134,16525,1104,1390,83
48141,"El Paso County, Texas",837918,674348,30034,5360,11107,299
48157,"Fort Bend County, Texas",741237,388931,152115,3077,146796,93
48167,"Galveston County, Texas",329431,258194,43453,2556,11418,87
48181,"Grayson County, Texas",128235,111018,5527,1352,1826,16
48183,"Gregg County, Texas",123745,92247,25793,534,1883,0
48187,"Guadalupe County, Texas",155265,106494,11011,187,3061,1657
48201,"Harris County, Texas",4589928,2880994,874306,15178,317740,3839
48209,"Hays County, Texas",204470,184248,8627,315,3314,0
48213,"Henderson County, Texas",79901,71904,4775,928,53,223
48215,"Hidalgo County, Texas",849843,717201,2922,1953,9403,93
48231,"Hunt County, Texas",92073,71701,7680,1185,1488,0
48245,"Jefferson County, Texas",254679,150261,86060,816,10050,198
48251,"Johnson County, Texas",163274,149251,5440,1179,1305,751
48257,"Kaufman County, Texas",118350,98799,12733,324,1429,0
48291,"Liberty County, Texas",81704,69437,8414,403,476,0
48303,"Lubbock County, Texas",303137,248032,21502,3901,5857,1000
48309,"McLennan County, Texas",247934,191192,36482,1100,3858,149
48329,"Midland County, Texas",162565,139118,11490,341,3386,88
48339,"Montgomery County, Texas",556203,480382,30394,3642,15327,358
48355,"Nueces County, Texas",361350,326313,14774,1487,6628,211
48361,"Orange County, Texas",84964,75017,7525,406,1198,0
48367,"Parker County, Texas",129441,121518,1965,984,731,72
48375,"Potter County, Texas",120832,94819,12161,302,5672,202
48381,"Randall County, Texas",132501,118130,3530,998,2313,188
48397,"Rockwall County, Texas",93978,80801,5936,54,2560,0
48409,"San Patricio County, Texas",67655,63487,1049,257,598,27
48423,"Smith County, Texas",225290,170784,39062,1092,3832,159
48439,"Tarrant County, Texas",2016872,1367728,320375,9482,109096,2648
48441,"Taylor County, Texas",136535,105853,10686,1134,3333,8
48451,"Tom Green County, Texas",118386,105757,5937,506,1289,0
48453,"Travis County, Texas",1199323,892987,99449,5241,76749,1443
48469,"Victoria County, Texas",92467,80797,6235,347,1396,164
48479,"Webb County, Texas",271193,258612,1181,358,832,0
48485,"Wichita County, Texas",131838,104044,12709,1428,3735,151
48491,"Williamson County, Texas",528718,421797,31597,1678,35179,143
49005,"Cache County, Utah",122753,110095,968,373,3234,473
49011,"Davis County, Utah",342281,304284,4795,1841,6019,2845
49035,"Salt Lake County, Utah",1121354,882231,19235,6570,44706,16997
49049,"Utah County, Utah",592299,548560,3287,4182,8277,5381
49053,"Washington County, Utah",160245,143282,624,2161,1461,1646
49057,"Weber County, Utah",247560,223579,2438,1843,2914,281
50007,"Chittenden County, Vermont",161531,145945,4444,481,5969,44
51003,"Albemarle County, Virginia",106878,86536,10426,255,5383,70
51013,"Arlington County, Virginia",230050,162749,19802,962,23558,411
51019,"Bedford County, Virginia",77960,69040,5655,28,917,85
51041,"Chesterfield County, Virginia",339009,229400,76274,672,13052,254
51059,"Fairfax County, Virginia",1138652,705214,110990,2448,217179,979
51061,"Fauquier County, Virginia",69069,59717,4975,323,1296,0
51069,"Frederick County, Virginia",84421,76577,2682,453,1173,0
51085,"Hanover County, Virginia",104392,90528,8977,281,1023,156
51087,"Henrico County, Virginia",326501,188411,95882,591,27058,283
51095,"James City County, Virginia",74404,58683,9516,36,1654,0
51107,"Loudoun County, Virginia",385945,258094,27802,1213,67889,769
51121,"Montgomery County, Virginia",98602,84345,4420,419,5442,30
51153,"Prince William County, Virginia",455210,254644,93401,1594,40673,356
51161,"Roanoke County, Virginia",94031,82416,5908,232,2895,0
51165,"Rockingham County, Virginia",79744,73927,2701,0,552,217
51177,"Spotsylvania County, Virginia",132010,94731,21641,164,3101,49
51179,"Stafford County, Virginia",144361,96123,25628,666,5862,90
51199,"York County, Virginia",67976,50925,8714,241,4245,612
51510,"Alexandria city, Virginia",155810,92717,34500,99,9726,146
51550,"Chesapeake city, Virginia",237940,147623,71159,68,7197,0
51650,"Hampton city, Virginia",135410,56219,68730,75,3506,476
51680,"Lynchburg city, Virginia",80212,53004,23624,312,795,0
51700,"Newport News city, Virginia",181825,86739,73750,430,4472,202
51710,"Norfolk city, Virginia",245115,115675,100685,832,9313,496
51740,"Portsmouth city, Virginia",95252,38231,49467,265,1626,1001
51760,"Richmond city, Virginia",223170,101987,105155,650,4903,115
51770,"Roanoke city, Virginia",99660,63615,30307,68,3200,123
51800,"Suffolk city, Virginia",89273,45912,37324,191,1688,89
51810,"Virginia Beach city, Virginia",452602,303452,82660,901,30196,175
53005,"Benton County, Washington",193686,161191,3631,1070,4742,81
53007,"Chelan County, Washington",76338,68936,1393,95,1004,0
53009,"Clallam County, Washington",74570,65652,883,3385,774,48
53011,"Clark County, Washington",467018,394477,8011,2095,22913,3821
53015,"Cowlitz County, Washington",105160,95117,403,1316,926,69
53021,"Franklin County, Washington",90160,54718,1733,726,1777,759
53025,"Grant County, Washington",93546,59251,558,843,773,0
53027,"Grays Harbor County, Washington",71628,62373,1187,2996,1304,132
53029,"Island County, Washington",82636,70785,1993,898,3901,318
53033,"King County, Washington",2149970,1393480,130762,11288,361162,17123
53035,"Kitsap County, Washington",264811,213321,6587,3022,11318,2204
53041,"Lewis County, Washington",77066,69504,542,1279,932,26
53053,"Pierce County, Washington",861312,629794,55912,10825,52850,12192
53057,"Skagit County, Washington",123681,102076,736,2356,2563,354
53061,"Snohomish County, Washington",787620,598184,24290,7930,80706,4176
53063,"Spokane County, Washington",499072,437088,9113,8027,11616,2794
53067,"Thurston County, Washington",275222,226065,8506,3433,16030,2555
53073,"Whatcom County, Washington",216800,178402,2619,6037,9298,524
53077,"Yakima County, Washington",249636,194416,3499,10785,2502,35
54003,"Berkeley County, West Virginia",113525,98635,10472,271,902,0
54011,"Cabell County, West Virginia",95987,87445,4977,15,1307,0
54039,"Kanawha County, West Virginia",186241,164796,13019,439,2148,0
54061,"Monongalia County, West Virginia",104622,93692,4161,51,3845,0
54081,"Raleigh County, West Virginia",76601,66581,5681,276,590,0
55009,"Brown County, Wisconsin",260401,221450,5768,7072,7972,22
55025,"Dane County, Wisconsin",531273,443862,25227,2137,30922,243
55027,"Dodge County, Wisconsin",88068,85269,1584,105,107,0
55035,"Eau Claire County, Wisconsin",102965,95273,764,463,4619,28
55039,"Fond du Lac County, Wisconsin",102144,94027,762,528,1494,25
55055,"Jefferson County, Wisconsin",84625,79619,757,135,270,140
55059,"Kenosha County, Wisconsin",168183,143113,12119,827,2482,175
55063,"La Crosse County, Wisconsin",118122,107056,1327,217,5207,9
55071,"Manitowoc County, Wisconsin",79536,74773,485,365,2022,0
55073,"Marathon County, Wisconsin",135603,123417,483,456,7976,0
55079,"Milwaukee County, Wisconsin",951448,562559,249436,4836,40031,168
55087,"Outagamie County, Wisconsin",184526,165748,2474,2854,6610,65
55089,"Ozaukee County, Wisconsin",88314,82993,1353,230,1709,0
55097,"Portage County, Wisconsin",70447,66177,485,162,1476,0
55101,"Racine County, Wisconsin",195140,156136,21484,1268,2903,0
55105,"Rock County, Wisconsin",161620,140747,7575,563,1734,0
55109,"St. Croix County, Wisconsin",88029,84757,746,297,769,6
55117,"Sheboygan County, Wisconsin",115427,104025,2495,291,6384,0
55127,"Walworth County, Wisconsin",102959,96375,1042,90,1026,0
55131,"Washington County, Wisconsin",134296,127485,1381,305,2081,126
55133,"Waukesha County, Wisconsin",398424,367790,6221,1459,13818,156
55139,"Winnebago County, Wisconsin",169886,156755,3786,1004,4567,0
55141,"Wood County, Wisconsin",73107,69526,853,347,1435,0
56021,"Laramie County, Wyoming",98136,88958,2690,443,1200,362
56025,"Natrona County, Wyoming",81039,76905,1391,303,435,0
